1,0,0,164,255,406,830,1004,1008,403,180.98,169.15,127.70,36.86,10.21,12.38,30.07,
9,0,0,84,177,327,749,1008,1003,348,14.77,11.39,11.70,8.39,8.87,12.90,19.57,
17,0,0,82,175,306,703,1005,1001,330,13.91,11.29,11.80,10.83,9.10,11.58,16.98,
25,0,0,78,164,291,655,1006,1002,319,13.64,11.26,11.08,10.09,10.48,12.43,14.75,
33,0,0,77,155,274,611,1006,1000,304,13.23,10.88,9.98,9.98,9.13,11.84,17.04,
41,0,0,77,150,257,566,1007,1002,276,13.37,10.95,11.52,9.61,9.70,13.10,14.40,
49,0,0,74,144,241,521,1006,1013,251,13.59,12.37,10.77,8.87,9.67,3.66,12.28,
57,0,0,65,135,223,464,1012,776,238,17.92,12.41,12.36,9.61,6.32,48.86,11.96,
65,0,0,58,128,204,420,1014,622,214,18.84,11.95,11.99,9.49,5.64,57.35,15.90,
73,0,0,57,121,187,379,1015,505,194,18.50,12.79,10.72,10.54,6.24,13.59,15.08,
81,0,0,61,116,170,336,1013,431,178,15.89,12.91,12.51,11.22,5.17,7.29,11.56,
89,0,0,60,109,154,291,1014,360,155,14.69,13.80,12.59,10.90,4.87,6.08,9.82,
97,0,0,59,104,140,251,1011,299,132,14.92,13.18,14.00,12.23,4.17,8.83,12.49,
105,0,0,59,97,129,206,1000,246,117,12.12,14.62,14.07,11.26,5.56,7.84,12.62,
113,0,0,62,95,114,161,866,198,117,11.34,16.91,17.97,11.21,15.13,7.53,12.44,
121,0,0,64,90,103,131,486,142,116,11.05,16.34,16.27,13.48,45.80,8.47,11.37,
1,0,8,150,247,398,821,1007,1004,388,160.96,150.09,114.18,29.23,12.50,11.96,33.84,
9,0,8,87,177,328,751,1008,1004,352,13.67,11.81,10.82,9.95,10.27,10.71,20.05,
17,0,8,85,171,308,703,1007,1001,338,11.58,11.82,11.98,11.17,10.43,13.14,14.86,
25,0,8,81,163,290,657,1009,1002,316,14.22,11.45,11.12,11.15,8.46,13.65,13.88,
33,0,8,79,154,275,611,1007,1001,300,14.94,11.70,11.01,9.52,8.54,13.81,15.30,
41,0,8,79,152,259,567,1008,1003,274,12.73,13.01,11.72,11.45,10.49,12.91,12.77,
49,0,8,77,144,242,523,1006,1012,250,12.33,11.00,11.78,9.52,10.64,3.27,11.57,
57,0,8,63,135,220,466,1011,771,234,18.11,12.19,11.55,9.56,6.05,46.98,13.41,
65,0,8,60,128,204,423,1015,617,216,17.14,12.06,10.79,10.22,5.06,51.05,13.13,
73,0,8,60,121,188,381,1013,500,198,17.01,12.61,11.10,9.29,5.57,12.18,14.75,
81,0,8,59,115,172,334,1012,428,183,16.30,13.62,12.68,8.97,5.61,7.90,10.68,
89,0,8,62,110,159,292,1013,359,152,14.43,14.54,13.13,11.54,5.04,6.76,8.60,
97,0,8,58,105,143,245,1011,299,140,12.88,14.81,14.24,9.65,4.19,9.74,12.56,
105,0,8,61,97,125,202,1003,256,119,10.83,13.80,12.87,7.64,4.28,10.94,12.90,
113,0,8,65,93,111,162,868,198,123,10.76,16.26,15.43,11.48,14.81,7.04,13.00,
121,0,8,63,89,104,126,483,146,123,10.07,15.91,16.62,11.98,45.53,11.49,11.22,
1,0,16,145,239,389,817,1005,1004,383,147.08,132.28,99.52,25.86,10.57,12.32,28.51,
9,0,16,86,177,327,752,1006,1003,357,12.61,11.74,12.48,9.93,10.14,13.35,15.15,
17,0,16,83,170,309,707,1005,1002,337,13.02,11.32,11.11,9.70,9.58,12.10,15.75,
25,0,16,78,163,293,661,1008,1000,319,13.94,12.27,13.14,9.25,8.66,13.33,16.32,
33,0,16,79,156,273,609,1007,1001,298,13.96,10.80,10.72,8.25,8.19,13.15,12.63,
41,0,16,78,151,258,564,1007,1000,275,12.92,11.98,11.37,8.82,9.80,14.96,15.46,
49,0,16,75,145,246,522,1007,1013,254,12.50,11.85,12.17,9.72,10.19,3.09,12.26,
57,0,16,63,135,223,470,1013,765,232,17.34,11.94,11.60,10.31,5.99,43.02,11.24,
65,0,16,60,128,205,425,1013,613,215,17.15,11.78,10.81,9.35,5.51,48.12,17.52,
73,0,16,61,121,186,377,1012,502,202,16.77,11.01,10.95,7.18,5.53,19.57,14.41,
81,0,16,58,113,173,337,1013,428,179,15.56,12.23,12.81,10.23,6.16,8.09,11.51,
89,0,16,59,109,155,292,1011,363,154,16.00,13.09,11.99,9.67,5.00,10.46,9.19,
97,0,16,60,103,140,248,1011,299,130,13.30,14.10,12.53,10.75,4.89,9.23,11.79,
105,0,16,61,96,125,202,1002,257,127,9.79,14.32,12.50,8.45,4.27,12.05,12.80,
113,0,16,62,95,110,162,869,199,127,11.19,17.35,13.94,10.25,14.50,12.01,12.97,
121,0,16,65,89,108,126,485,141,123,9.77,17.31,16.41,10.78,45.87,8.62,11.25,
1,0,24,139,238,389,817,1000,1003,392,128.64,129.68,95.65,23.42,11.49,13.51,31.91,
9,0,24,80,178,333,753,1004,1005,351,12.97,11.49,13.00,9.68,9.85,12.49,17.97,
17,0,24,82,171,309,705,1008,1002,333,13.09,11.69,10.33,9.20,8.75,14.09,17.04,
25,0,24,80,162,291,661,1005,1001,317,12.16,11.58,11.65,9.79,8.99,13.38,14.50,
33,0,24,78,156,276,612,1009,997,303,11.94,11.18,10.58,8.27,8.17,13.26,17.33,
41,0,24,75,152,259,565,1007,998,272,11.84,11.33,10.66,10.41,9.81,14.33,14.38,
49,0,24,73,145,242,522,1008,1013,252,12.97,11.07,11.29,10.37,10.23,3.05,11.86,
57,0,24,61,135,221,468,1011,765,230,18.34,11.58,10.17,7.84,7.35,38.95,12.09,
65,0,24,59,128,208,427,1014,607,212,17.15,11.54,11.02,10.96,6.03,43.38,16.23,
73,0,24,58,121,188,383,1011,497,205,16.26,11.60,11.42,11.08,5.66,14.84,11.79,
81,0,24,58,115,175,338,1012,426,180,15.24,12.69,12.38,9.55,5.77,8.27,10.30,
89,0,24,54,111,160,292,1013,360,158,14.73,12.98,12.26,9.30,4.72,7.64,13.29,
97,0,24,58,104,144,251,1013,303,132,12.38,15.05,13.21,11.44,4.42,7.95,11.06,
105,0,24,61,100,128,204,1004,251,127,11.38,14.96,13.01,7.88,2.86,7.70,13.54,
113,0,24,61,93,112,160,871,198,133,9.65,15.72,13.49,9.91,14.13,10.94,12.94,
121,0,24,61,88,100,125,482,137,126,9.83,16.76,14.77,9.87,46.42,9.67,11.62,
1,0,32,135,230,381,813,1004,1005,396,120.77,106.80,76.73,15.42,10.80,12.75,31.81,
9,0,32,83,178,330,756,1008,1003,356,13.40,11.40,10.55,9.61,9.95,12.03,18.36,
17,0,32,83,171,311,707,1006,1003,332,12.44,11.78,11.76,10.17,9.39,12.38,15.77,
25,0,32,78,163,295,661,1010,1001,317,11.95,10.65,11.01,10.47,9.05,12.38,17.94,
33,0,32,75,159,277,608,1007,999,301,14.21,11.55,11.44,6.01,8.56,13.63,18.41,
41,0,32,75,152,260,571,1008,998,275,13.84,11.56,10.95,11.10,9.46,14.19,14.86,
49,0,32,74,146,244,524,1006,1013,249,12.33,11.96,11.19,8.89,10.12,3.10,10.83,
57,0,32,64,138,223,472,1010,762,227,17.35,11.90,11.30,8.87,6.60,37.32,11.91,
65,0,32,62,130,207,426,1013,607,212,19.44,11.15,9.98,9.90,7.29,41.08,15.93,
73,0,32,56,121,190,383,1009,495,208,18.57,11.85,10.57,9.06,6.61,10.95,12.83,
81,0,32,56,116,172,337,1012,427,176,16.01,13.02,11.42,8.79,5.28,11.93,11.19,
89,0,32,57,113,159,298,1012,359,154,14.15,14.52,12.75,11.69,5.00,6.98,10.20,
97,0,32,58,105,139,245,1011,308,135,12.68,14.07,11.82,7.66,4.57,8.03,10.28,
105,0,32,60,97,124,204,1005,253,129,10.50,14.39,12.31,7.50,2.65,7.34,13.40,
113,0,32,62,93,113,164,871,193,119,10.43,17.12,16.46,11.82,14.15,6.44,12.98,
121,0,32,61,92,107,132,491,140,121,9.75,17.25,16.18,14.70,42.93,7.94,10.22,
1,25,0,154,250,400,825,1005,1006,386,170.30,166.17,125.80,35.66,11.50,12.68,37.02,
9,25,0,84,174,326,745,1007,1006,346,14.10,11.57,11.04,9.70,9.15,12.38,18.68,
17,25,0,82,168,306,698,1007,1004,334,13.81,10.48,11.06,8.38,8.90,13.19,15.19,
25,25,0,78,162,290,657,1008,1000,319,14.39,11.29,11.90,9.83,8.96,13.21,13.69,
33,25,0,76,158,272,612,1004,1001,305,14.56,12.48,11.35,9.06,8.07,13.23,14.52,
41,25,0,75,153,257,567,1004,1003,280,13.46,10.81,11.61,10.24,10.31,13.78,12.63,
49,25,0,73,147,242,522,1006,1014,255,13.12,12.95,12.20,8.68,10.42,2.77,10.26,
57,25,0,65,133,222,462,1014,773,238,19.15,11.30,11.33,9.38,6.37,50.21,11.29,
65,25,0,59,128,204,424,1014,621,217,17.95,11.48,11.41,10.11,5.54,57.39,15.32,
73,25,0,59,121,188,383,1013,500,195,18.37,12.32,11.29,10.66,5.70,13.57,14.66,
81,25,0,58,115,172,335,1012,430,183,16.32,12.63,12.71,11.96,5.38,7.20,9.34,
89,25,0,61,110,157,290,1012,359,156,14.05,13.34,13.66,10.50,4.57,6.10,11.01,
97,25,0,60,103,141,251,1011,296,130,13.80,14.64,13.68,12.73,4.62,11.37,10.85,
105,25,0,58,96,125,200,998,249,123,11.73,14.80,14.09,7.64,5.91,7.91,14.99,
113,25,0,63,91,112,156,868,198,125,10.97,17.00,15.22,8.55,14.69,6.38,15.19,
121,25,0,65,90,101,132,482,143,120,9.73,17.21,15.53,14.76,46.05,9.17,11.68,
1,25,8,140,246,394,826,1006,1004,414,131.73,133.87,98.74,24.83,11.11,12.48,34.82,
9,25,8,88,183,334,761,1009,1003,375,13.52,13.61,12.32,10.73,9.59,12.61,26.57,
17,25,8,85,176,313,710,1009,1001,352,12.81,11.84,11.53,10.40,9.88,13.27,20.36,
25,25,8,79,164,294,665,1004,1000,328,13.64,11.15,10.58,8.43,10.01,14.32,18.99,
33,25,8,81,158,281,620,1009,1000,307,13.02,10.10,10.22,9.70,9.69,11.83,18.41,
41,25,8,78,155,261,571,1006,1000,284,12.76,11.60,11.39,10.21,10.42,14.36,16.65,
49,25,8,75,144,247,529,1006,1014,262,13.33,10.36,11.32,9.85,11.60,2.85,15.17,
57,25,8,67,139,226,469,1015,788,240,17.23,12.20,11.93,8.85,7.16,45.01,14.19,
65,25,8,63,131,210,423,1013,627,218,18.19,11.23,12.08,7.74,5.87,54.01,19.68,
73,25,8,61,125,194,382,1012,508,207,16.96,11.73,10.89,9.18,6.19,11.99,15.68,
81,25,8,58,117,181,335,1011,437,184,15.87,11.61,12.17,7.78,5.74,8.45,12.35,
89,25,8,60,114,163,290,1014,368,158,14.41,12.61,11.40,9.16,5.37,12.31,11.21,
97,25,8,61,111,147,247,1012,308,141,12.30,13.52,13.53,10.30,4.32,11.22,11.64,
105,25,8,58,103,136,209,1000,252,119,12.64,13.66,12.90,10.48,5.90,7.73,13.57,
113,25,8,61,103,126,167,870,197,119,11.64,12.98,13.72,14.22,14.33,6.51,11.87,
121,25,8,63,106,118,129,490,147,128,14.42,15.74,13.03,11.43,44.55,11.15,12.43,
1,25,16,149,258,403,825,1004,1004,409,137.05,125.24,92.85,23.99,10.65,12.68,32.05,
9,25,16,89,191,344,760,1007,1002,381,11.45,10.51,12.94,10.72,9.68,13.11,23.24,
17,25,16,85,190,333,712,1006,1004,365,11.71,13.55,13.38,10.94,9.34,13.12,21.54,
25,25,16,82,177,309,665,1010,999,334,12.53,12.37,8.96,9.57,8.89,13.45,18.93,
33,25,16,80,168,299,623,1007,998,309,11.69,10.51,11.63,13.06,8.44,14.19,18.95,
41,25,16,75,161,280,574,1006,1001,290,10.80,11.11,10.23,9.33,10.59,15.01,19.17,
49,25,16,76,158,268,531,1006,1013,265,12.70,12.47,11.77,11.96,11.35,4.30,15.08,
57,25,16,67,145,249,475,1011,804,242,15.81,9.46,12.97,9.35,7.31,37.54,15.83,
65,25,16,63,136,226,429,1011,628,230,16.01,8.44,10.60,9.87,8.00,44.63,16.05,
73,25,16,60,136,211,385,1013,511,205,16.37,10.97,8.49,8.84,7.15,20.25,16.07,
81,25,16,59,132,201,343,1014,438,182,14.93,10.84,9.76,9.51,6.54,12.07,14.59,
89,25,16,59,128,189,303,1015,368,158,17.12,10.35,11.15,11.49,7.34,9.67,10.16,
97,25,16,57,125,173,259,1010,305,139,16.08,8.49,9.14,11.05,5.79,8.83,11.42,
105,25,16,58,129,167,220,1008,255,124,16.93,13.98,11.56,12.20,6.98,9.12,12.79,
113,25,16,59,126,148,178,877,200,120,18.79,8.74,8.77,12.22,17.02,8.14,12.33,
121,25,16,62,139,160,146,499,143,123,20.36,11.94,11.94,14.67,46.42,10.73,11.59,
1,25,24,148,274,421,829,1003,1004,413,118.10,118.20,88.25,23.51,12.65,13.17,36.02,
9,25,24,94,210,363,769,1008,1006,387,9.76,9.98,12.17,11.77,12.77,13.49,22.11,
17,25,24,85,204,344,715,1005,1003,353,12.29,11.89,13.19,11.43,10.89,14.04,26.38,
25,25,24,82,187,332,674,1007,1001,333,12.30,9.89,12.16,12.51,10.37,14.54,20.58,
33,25,24,82,176,318,626,1008,999,322,10.16,7.67,9.61,11.03,9.43,15.02,17.81,
41,25,24,79,176,304,579,1005,1000,288,9.14,11.20,9.28,10.36,10.91,15.22,18.67,
49,25,24,79,170,286,538,1006,1015,260,10.29,11.25,9.14,11.93,12.30,5.00,15.96,
57,25,24,71,159,270,489,1013,949,242,13.11,8.84,9.46,13.30,8.52,33.56,18.93,
65,25,24,68,155,257,442,1013,628,227,15.18,11.17,12.09,10.50,9.26,43.86,16.16,
73,25,24,64,146,235,400,1010,512,208,13.84,8.27,8.77,11.95,9.06,16.65,15.48,
81,25,24,62,141,222,358,1014,436,183,14.35,8.33,10.04,12.47,8.28,10.48,14.40,
89,25,24,62,150,224,322,1010,368,162,13.70,13.55,12.47,13.37,6.48,11.32,10.89,
97,25,24,62,143,207,275,1015,311,136,16.66,7.65,9.32,12.95,6.35,9.90,12.81,
105,25,24,61,142,194,237,1009,260,135,16.41,6.28,10.72,9.04,6.41,10.71,13.42,
113,25,24,65,161,192,198,888,201,127,17.61,13.75,8.31,9.60,20.36,11.53,12.01,
121,25,24,76,174,208,172,505,147,125,19.37,12.47,12.89,13.87,43.54,11.92,11.63,
1,25,32,145,285,427,828,1007,1001,422,96.38,95.02,64.94,18.92,10.87,14.83,33.01,
9,25,32,89,228,375,774,1004,1005,383,11.27,10.09,13.88,15.27,12.79,13.94,25.10,
17,25,32,91,211,365,720,1005,1007,362,11.61,8.35,11.38,14.21,12.44,13.44,25.35,
25,25,32,85,202,348,677,1003,1001,340,13.10,11.54,14.86,14.57,12.25,14.35,24.71,
33,25,32,85,197,326,630,1006,1002,319,11.69,10.92,10.74,12.49,10.74,15.48,18.77,
41,25,32,82,184,323,589,1009,1002,291,11.25,8.74,12.52,14.59,12.04,15.64,20.57,
49,25,32,82,177,303,545,1007,1012,263,10.18,9.55,8.93,12.71,11.86,5.18,15.05,
57,25,32,80,169,289,501,1011,1015,246,12.58,8.16,9.63,11.77,9.11,5.89,19.10,
65,25,32,63,166,274,456,1008,631,228,12.22,10.11,8.51,12.83,9.76,43.29,21.39,
73,25,32,66,162,257,412,1011,509,210,14.46,11.01,8.80,12.40,8.70,15.17,18.49,
81,25,32,64,160,248,370,1012,440,184,12.96,9.69,10.39,11.33,7.66,11.65,14.87,
89,25,32,67,154,248,338,1013,366,161,12.97,7.13,13.28,12.98,7.13,12.19,13.40,
97,25,32,71,162,237,297,1015,314,143,15.39,8.48,9.28,12.59,6.94,12.12,12.95,
105,25,32,70,167,230,257,1006,261,138,16.53,8.53,9.23,10.72,6.50,12.87,13.41,
113,25,32,75,181,233,222,902,207,129,16.72,10.22,9.43,10.88,19.40,17.62,13.58,
121,25,32,90,201,240,190,515,154,127,17.36,10.74,9.03,12.44,42.06,14.12,11.47,
1,50,0,155,255,405,831,1005,1005,415,172.03,157.88,125.07,30.51,10.93,13.62,28.13,
9,50,0,97,195,335,758,1006,1005,369,23.68,26.51,18.47,10.99,9.03,12.86,19.54,
17,50,0,83,173,308,704,1008,998,338,13.38,13.03,11.62,10.99,7.96,13.19,17.91,
25,50,0,77,168,291,657,1007,1002,319,13.67,13.00,11.22,10.38,9.51,12.39,15.38,
33,50,0,80,163,274,611,1008,1001,299,15.00,10.20,11.70,9.54,9.75,13.32,15.61,
41,50,0,76,161,256,566,1007,1002,281,14.97,10.79,11.00,9.52,9.69,14.91,12.31,
49,50,0,75,149,242,521,1007,1013,252,14.38,12.56,11.49,7.94,9.79,2.65,12.44,
57,50,0,64,135,220,467,1014,778,239,19.79,12.79,12.23,9.48,6.00,49.35,10.25,
65,50,0,58,132,206,424,1012,623,217,19.33,11.68,11.35,10.11,5.84,55.40,15.58,
73,50,0,62,121,189,378,1013,499,202,16.43,11.39,11.61,9.33,6.27,13.02,15.62,
81,50,0,58,121,171,337,1012,431,176,16.13,12.62,11.94,9.61,5.09,7.02,10.91,
89,50,0,58,109,154,287,1012,361,157,14.35,13.50,11.09,8.50,5.29,8.95,9.88,
97,50,0,58,104,141,244,1012,301,137,12.50,14.43,12.54,10.30,3.88,9.84,11.61,
105,50,0,61,98,125,200,1002,246,122,11.04,16.42,14.69,7.46,4.35,8.32,12.85,
113,50,0,61,95,113,163,870,198,118,11.37,14.95,14.46,14.43,14.76,7.80,13.19,
121,50,0,64,90,102,129,477,144,127,10.39,17.94,15.87,13.19,47.08,13.29,12.26,
1,50,8,147,244,389,830,1005,1005,402,132.59,106.28,87.14,26.48,11.35,12.40,32.90,
9,50,8,87,184,333,763,1006,1006,380,12.40,14.00,11.79,13.22,10.20,12.61,24.84,
17,50,8,88,178,312,707,1007,1000,351,12.72,12.91,11.22,10.46,8.13,13.02,22.43,
25,50,8,83,170,293,665,1004,1000,335,13.94,11.94,11.16,8.84,9.03,11.44,19.65,
33,50,8,78,163,279,617,1010,1000,319,13.57,10.54,10.44,8.98,9.18,12.72,21.82,
41,50,8,76,161,262,577,1007,1002,290,12.79,11.03,11.24,10.77,9.52,13.07,14.31,
49,50,8,76,154,245,526,1007,1014,260,13.31,15.57,10.65,7.79,9.93,4.38,14.82,
57,50,8,64,143,222,474,1013,787,241,16.95,13.27,11.03,11.77,6.41,46.27,15.56,
65,50,8,67,135,205,425,1013,629,223,16.20,12.10,10.60,10.32,6.19,50.18,17.70,
73,50,8,60,127,187,384,1013,509,208,17.83,11.05,9.58,7.97,5.50,18.18,16.83,
81,50,8,60,123,174,338,1012,436,184,14.13,11.75,10.72,8.39,6.44,12.02,12.80,
89,50,8,60,120,160,291,1014,365,153,15.09,14.92,12.44,9.74,4.68,10.14,12.16,
97,50,8,59,116,148,253,1013,302,136,15.68,15.96,13.79,10.98,5.25,9.52,12.28,
105,50,8,58,112,127,203,1001,251,125,16.00,12.33,11.31,7.31,5.39,10.10,12.10,
113,50,8,61,116,119,169,872,198,118,16.09,15.57,15.50,13.73,14.61,7.20,14.10,
121,50,8,61,112,108,131,483,142,125,17.25,12.36,15.11,13.50,46.77,11.81,10.78,
1,50,16,156,277,395,827,996,1006,417,139.88,122.06,92.79,23.91,13.33,14.42,34.40,
9,50,16,97,212,336,767,1008,1002,374,10.96,12.65,10.75,11.15,10.67,13.22,24.18,
17,50,16,89,195,317,713,1006,1005,348,11.31,9.57,13.08,12.32,11.18,14.82,20.31,
25,50,16,88,189,296,667,1006,1005,330,12.82,11.60,10.75,10.66,10.82,13.50,21.08,
33,50,16,86,183,277,625,1005,1003,317,12.00,10.00,8.71,10.51,10.71,15.00,17.16,
41,50,16,84,173,267,575,1006,999,281,12.25,9.04,11.84,10.35,10.79,14.30,18.20,
49,50,16,78,169,253,534,1006,1014,259,11.34,8.91,10.08,10.12,10.50,5.29,15.58,
57,50,16,68,155,232,481,1014,809,244,13.94,8.61,12.69,13.43,7.22,37.20,14.72,
65,50,16,68,157,216,435,1013,630,225,16.04,12.31,10.38,11.29,6.60,46.77,17.81,
73,50,16,65,146,197,390,1011,507,202,17.33,7.88,7.93,9.68,7.09,13.75,16.08,
81,50,16,64,153,190,347,1016,436,184,14.25,12.50,10.92,9.43,7.03,10.27,12.73,
89,50,16,63,149,173,307,1015,365,160,16.37,11.33,12.48,10.77,6.80,9.94,12.29,
97,50,16,68,143,159,261,1013,304,139,15.38,6.79,10.93,9.99,5.81,8.71,13.99,
105,50,16,70,138,143,223,1009,250,120,18.38,6.36,9.23,11.16,8.15,8.85,13.09,
113,50,16,78,146,143,185,879,199,125,18.01,6.78,12.64,11.52,17.14,9.34,11.71,
121,50,16,89,158,136,150,499,149,132,19.92,8.01,13.09,12.30,43.47,11.86,12.90,
1,50,24,161,305,403,829,1004,1009,409,122.14,113.37,90.94,24.45,10.40,12.11,29.79,
9,50,24,102,229,339,766,1008,1003,379,11.53,11.64,12.85,11.46,11.86,13.07,24.44,
17,50,24,93,228,327,723,1005,1001,363,12.30,9.93,11.73,15.63,11.14,16.35,23.94,
25,50,24,91,217,304,675,1010,1001,332,11.48,14.12,10.25,14.33,10.85,13.25,22.03,
33,50,24,87,201,286,629,1009,1003,318,11.14,8.04,11.44,13.10,10.97,15.78,20.22,
41,50,24,86,198,274,588,1009,1004,293,11.46,9.90,11.86,13.82,11.83,15.59,18.17,
49,50,24,84,193,259,542,1004,1015,267,12.80,9.68,9.14,14.13,12.81,6.73,15.83,
57,50,24,78,183,242,493,1009,1005,241,9.45,9.67,11.08,13.39,8.47,15.03,17.07,
65,50,24,68,166,233,453,1010,639,220,13.42,7.78,12.23,13.33,8.78,45.12,18.26,
73,50,24,68,168,212,401,1014,514,211,13.23,8.11,10.02,11.62,7.51,22.75,15.49,
81,50,24,72,175,202,367,1014,441,185,13.55,11.91,10.83,11.75,8.21,11.79,12.01,
89,50,24,76,182,187,323,1009,366,164,14.03,13.11,10.61,10.66,7.67,9.89,12.50,
97,50,24,83,183,184,284,1016,307,140,14.68,7.30,11.78,10.56,7.43,11.64,11.81,
105,50,24,89,181,169,241,1010,252,123,15.24,5.88,10.41,11.18,8.76,9.87,11.76,
113,50,24,100,191,155,199,887,203,124,16.76,8.48,7.96,11.02,23.16,11.12,12.48,
121,50,24,117,230,162,170,508,148,124,16.98,10.60,10.85,12.07,44.34,13.26,10.51,
1,50,32,165,327,402,825,1005,1006,424,90.23,85.82,72.02,20.50,14.48,14.27,36.83,
9,50,32,117,271,351,782,1010,1003,389,13.80,13.04,13.55,18.95,11.18,14.46,30.35,
17,50,32,107,243,330,730,1008,1001,358,10.06,10.40,13.22,18.61,10.74,14.49,21.83,
25,50,32,100,225,308,686,1009,1003,341,12.95,11.70,11.16,17.67,11.13,15.61,18.66,
33,50,32,94,227,296,643,1010,997,318,9.69,9.17,11.18,16.08,10.49,15.84,19.92,
41,50,32,94,227,287,598,1005,997,289,11.07,12.45,9.55,13.52,11.84,14.73,17.89,
49,50,32,91,216,267,552,1004,1010,266,10.47,9.74,10.27,15.01,13.65,8.75,15.71,
57,50,32,90,199,261,515,1002,1014,245,8.77,7.97,13.11,14.31,11.47,6.65,15.60,
65,50,32,81,198,239,467,1013,647,219,13.25,9.34,10.36,14.74,9.75,48.73,18.28,
73,50,32,80,196,232,424,1010,510,204,14.06,10.25,10.61,13.87,9.24,16.02,16.21,
81,50,32,82,192,217,379,1016,444,186,12.66,6.88,9.83,12.20,8.25,12.26,14.97,
89,50,32,87,202,207,336,1014,371,163,13.73,7.51,8.86,10.47,9.89,14.17,12.95,
97,50,32,95,213,197,296,1013,312,144,11.54,7.43,8.92,12.75,9.45,14.04,15.84,
105,50,32,106,226,189,256,1004,258,137,13.93,10.52,7.63,9.33,8.69,12.98,13.47,
113,50,32,117,243,184,219,906,212,126,14.01,7.71,9.32,10.41,24.88,15.35,11.53,
121,50,32,148,278,187,204,519,156,125,15.31,8.96,11.67,13.59,46.31,16.34,12.37,
1,75,0,153,248,406,831,1003,1004,405,167.43,155.82,122.28,29.13,11.57,12.59,37.06,
9,75,0,84,178,327,755,1007,1001,378,14.23,11.85,10.54,10.56,9.69,12.71,23.85,
17,75,0,81,171,315,707,1008,1002,345,13.98,11.61,12.82,10.02,8.96,13.49,23.38,
25,75,0,80,163,295,662,1007,1001,335,14.51,11.61,11.45,10.42,9.27,13.09,18.62,
33,75,0,78,158,277,619,1005,999,305,13.65,11.98,10.94,11.03,9.92,12.68,20.22,
41,75,0,79,155,259,572,1009,1004,291,12.52,12.24,10.85,9.75,9.13,12.77,16.36,
49,75,0,77,146,246,524,1009,1011,258,13.39,12.00,12.61,8.08,9.30,2.82,15.53,
57,75,0,65,137,223,472,1013,791,248,16.69,11.80,11.50,12.15,6.42,51.14,12.80,
65,75,0,64,131,204,423,1013,630,219,21.97,17.17,14.38,10.17,5.97,58.44,14.81,
73,75,0,55,122,187,382,1013,500,197,17.14,11.88,11.57,9.72,5.14,13.23,16.87,
81,75,0,60,117,173,333,1013,433,176,16.26,12.68,11.09,7.79,6.91,9.39,12.73,
89,75,0,58,110,156,293,1011,361,152,16.16,14.33,13.64,9.75,3.51,6.94,10.01,
97,75,0,58,103,142,248,1010,294,130,12.85,14.79,14.11,12.17,3.41,9.32,10.64,
105,75,0,60,98,125,204,1001,240,119,11.12,14.54,13.42,10.46,6.93,9.72,12.22,
113,75,0,61,93,110,159,872,199,118,11.27,15.90,15.31,10.77,14.44,11.13,15.10,
121,75,0,64,88,99,123,473,141,115,10.33,16.02,15.27,11.13,46.72,6.56,13.48,
1,75,8,150,241,398,828,1001,1005,408,135.40,107.40,99.90,25.89,10.45,14.29,32.13,
9,75,8,89,187,335,759,1012,1003,370,11.85,10.93,12.54,11.97,10.50,11.19,25.09,
17,75,8,87,177,312,713,1008,1006,351,13.57,10.48,10.90,10.52,9.75,15.15,21.46,
25,75,8,85,170,294,666,1007,999,332,12.02,12.54,10.44,9.56,8.63,12.34,21.06,
33,75,8,78,165,280,617,1008,999,315,13.05,12.29,11.47,11.43,10.40,11.02,21.48,
41,75,8,80,159,262,577,1011,1000,286,12.81,10.98,10.01,10.30,9.76,13.86,14.25,
49,75,8,74,149,249,528,1008,1012,263,13.63,11.30,12.96,9.49,10.98,2.78,15.40,
57,75,8,65,141,227,473,1012,785,236,17.11,10.44,12.86,10.32,8.32,45.89,13.21,
65,75,8,61,133,207,425,1013,628,216,16.51,10.74,10.24,9.19,6.78,52.20,16.23,
73,75,8,62,129,192,386,1011,509,206,16.60,11.49,10.91,8.17,6.62,14.36,16.60,
81,75,8,58,125,179,340,1013,431,178,14.90,11.80,13.04,9.99,5.40,9.21,11.86,
89,75,8,61,124,160,296,1013,366,156,16.96,13.51,9.54,10.74,4.83,9.60,12.69,
97,75,8,60,118,147,248,1011,307,138,13.49,9.90,10.97,9.64,5.60,11.05,12.53,
105,75,8,59,119,137,202,1005,253,127,17.20,14.87,11.28,7.96,4.74,8.13,13.44,
113,75,8,62,118,125,169,876,197,124,19.77,14.75,15.97,11.93,14.14,7.65,12.91,
121,75,8,70,117,113,134,496,145,122,13.02,10.03,12.77,11.53,46.14,10.86,12.31,
1,75,16,162,276,404,832,1004,1004,412,134.05,119.96,92.79,23.19,9.94,14.00,32.80,
9,75,16,100,203,342,764,1009,1003,373,12.21,9.58,13.85,13.66,10.77,12.63,20.73,
17,75,16,96,201,328,718,1009,1004,354,12.36,11.76,12.68,11.49,11.41,13.95,21.88,
25,75,16,89,192,304,668,1009,1001,333,11.45,11.64,10.93,12.03,9.67,15.12,16.37,
33,75,16,85,178,293,627,1004,1001,313,12.59,8.64,12.82,10.99,10.18,15.57,19.71,
41,75,16,87,178,279,582,1007,999,286,12.20,9.52,12.67,11.85,10.20,14.16,16.61,
49,75,16,82,171,264,533,1008,1016,261,11.48,10.90,11.94,10.24,11.31,6.27,16.83,
57,75,16,71,163,242,485,1012,819,247,13.39,11.05,9.30,13.56,8.50,37.11,13.44,
65,75,16,66,156,217,438,1016,634,222,16.07,11.97,9.28,9.18,7.65,51.22,15.28,
73,75,16,65,150,209,390,1014,510,205,15.90,8.08,9.39,8.79,7.06,16.91,17.78,
81,75,16,68,148,199,347,1016,438,183,16.25,8.04,12.01,9.46,6.49,11.25,13.94,
89,75,16,69,155,187,303,1013,365,155,15.48,12.52,12.06,8.86,6.03,9.02,12.13,
97,75,16,74,150,171,262,1012,302,136,15.96,7.96,10.35,10.07,5.94,10.55,11.41,
105,75,16,80,144,162,221,1009,246,132,16.68,6.07,10.69,12.98,9.94,10.46,15.89,
113,75,16,95,163,149,176,881,202,128,19.43,8.97,9.55,10.69,17.48,10.83,12.60,
121,75,16,103,185,151,152,492,147,130,18.35,11.83,13.21,15.34,47.01,8.96,12.17,
1,75,24,173,311,418,831,1009,1005,413,113.11,109.69,89.38,24.12,12.39,14.52,37.72,
9,75,24,115,237,357,773,1005,1004,374,13.38,11.77,13.83,14.65,10.97,14.77,23.70,
17,75,24,102,223,339,722,1009,1003,353,11.29,10.31,11.78,15.05,10.85,15.02,25.60,
25,75,24,99,215,325,674,1007,1002,336,12.80,10.42,11.87,15.37,12.27,14.18,20.26,
33,75,24,94,204,309,638,1007,1002,311,11.34,9.00,9.81,13.86,12.38,15.43,21.56,
41,75,24,89,197,291,589,1009,1000,290,12.21,12.03,11.42,13.24,12.61,16.35,15.90,
49,75,24,90,191,279,543,1010,1014,266,11.64,8.35,10.57,15.13,11.58,8.04,17.71,
57,75,24,83,180,268,500,1010,1016,245,11.45,7.96,13.28,13.45,10.00,7.54,17.64,
65,75,24,74,170,239,453,1015,646,220,14.01,7.81,9.81,14.44,8.91,48.34,17.23,
73,75,24,76,174,225,406,1016,511,212,14.73,9.77,8.31,12.59,8.28,16.07,14.08,
81,75,24,77,178,213,359,1013,446,186,13.47,10.21,9.30,12.20,7.62,14.61,13.07,
89,75,24,86,182,203,321,1013,367,161,14.86,10.30,8.87,12.18,7.57,11.79,10.76,
97,75,24,95,195,193,281,1016,303,136,15.36,9.48,8.78,10.32,8.62,11.20,10.89,
105,75,24,106,194,180,240,1012,259,128,15.04,7.10,8.14,10.45,9.51,10.37,13.47,
113,75,24,122,225,176,201,893,203,132,17.00,10.47,7.90,10.23,23.01,13.44,11.50,
121,75,24,152,242,187,172,502,151,136,17.29,9.18,10.58,14.29,47.44,13.24,12.26,
1,75,32,185,337,423,832,1005,1005,421,88.95,86.02,67.70,21.65,14.17,13.84,38.59,
9,75,32,127,270,375,779,1008,1007,383,9.92,11.94,12.55,20.02,11.21,15.69,24.87,
17,75,32,116,252,358,732,1007,1000,360,11.61,10.58,12.26,19.55,11.97,15.39,24.45,
25,75,32,108,233,336,685,1009,998,340,11.10,9.60,11.92,15.91,11.34,15.12,24.92,
33,75,32,99,235,327,646,1008,1002,315,12.21,11.59,10.51,16.11,12.10,14.35,23.23,
41,75,32,94,226,314,605,1008,999,293,9.53,11.08,12.67,15.94,12.07,16.80,16.10,
49,75,32,98,210,297,557,1007,1013,275,11.61,8.50,10.94,16.73,13.56,9.74,19.70,
57,75,32,96,213,282,517,1006,1016,247,12.79,11.89,12.47,15.52,11.77,7.44,18.14,
65,75,32,84,193,268,464,1011,660,220,12.01,8.30,11.76,13.40,10.63,45.43,18.80,
73,75,32,90,188,249,423,1013,513,212,14.30,7.56,10.12,12.97,10.02,19.86,18.22,
81,75,32,91,200,239,382,1012,444,189,12.26,7.84,8.93,12.35,10.09,16.41,15.37,
89,75,32,107,216,231,338,1012,371,161,15.98,8.87,12.34,10.86,9.56,15.44,13.11,
97,75,32,118,229,215,299,1014,312,145,12.54,11.88,7.92,11.99,9.32,14.44,14.41,
105,75,32,134,244,217,262,1010,256,133,17.20,9.97,11.39,13.18,10.94,14.50,13.94,
113,75,32,152,272,211,218,906,207,138,15.47,11.99,8.57,11.68,27.92,10.69,12.08,
121,75,32,196,312,215,195,510,156,126,17.21,10.87,10.65,14.09,48.24,14.99,11.03,
1,100,0,155,251,406,832,1004,1004,400,167.30,152.05,120.78,29.64,11.26,12.04,33.31,
9,100,0,85,179,330,758,1005,1004,369,13.42,12.22,11.17,12.61,8.87,11.92,26.25,
17,100,0,84,172,313,707,1008,1002,349,13.08,13.73,11.78,11.02,9.28,12.65,21.59,
25,100,0,79,163,295,659,1005,1001,333,13.96,12.61,12.64,9.76,8.20,13.49,23.34,
33,100,0,78,157,275,616,1007,998,315,15.21,10.16,11.37,11.00,9.78,13.93,18.36,
41,100,0,77,154,261,572,1004,1003,292,13.68,11.93,12.28,9.56,9.37,15.55,17.03,
49,100,0,74,146,241,528,1006,1013,268,14.12,12.27,10.35,10.15,9.40,3.33,12.51,
57,100,0,63,138,224,472,1012,792,243,16.22,13.08,13.68,10.95,6.44,49.69,16.52,
65,100,0,61,128,202,422,1012,627,223,18.35,10.24,10.31,9.94,6.34,59.21,19.14,
73,100,0,59,119,188,379,1013,507,198,16.93,10.27,10.65,8.10,5.35,19.25,17.89,
81,100,0,58,115,173,335,1012,436,185,17.64,13.00,11.46,7.79,5.89,9.46,13.29,
89,100,0,63,112,156,289,1012,364,158,15.11,13.83,11.65,8.35,4.23,8.50,13.38,
97,100,0,58,103,141,248,1011,299,135,14.00,13.79,12.59,10.12,4.52,10.25,10.53,
105,100,0,59,97,126,210,1001,241,120,11.50,15.07,14.25,12.93,5.03,10.55,12.07,
113,100,0,61,92,112,164,875,197,118,10.54,16.44,16.00,14.49,14.54,8.54,14.23,
121,100,0,64,87,97,123,476,142,129,9.75,16.12,15.15,9.09,46.62,7.23,14.19,
1,100,8,156,251,401,829,1007,1002,405,152.14,145.60,113.86,28.33,11.60,13.89,35.48,
9,100,8,91,181,328,760,1008,1004,369,12.52,14.19,12.80,11.69,10.77,13.97,24.45,
17,100,8,89,175,313,710,1008,1004,348,11.82,10.81,11.65,12.72,10.58,12.51,19.87,
25,100,8,81,171,294,667,1006,1000,328,13.13,11.52,12.41,11.44,10.03,11.30,18.84,
33,100,8,83,164,278,621,1006,1002,315,10.01,13.28,11.33,11.31,9.53,12.72,18.35,
41,100,8,78,159,261,576,1002,1001,289,13.54,9.65,10.48,11.85,12.11,13.19,18.57,
49,100,8,76,152,244,527,1006,1012,261,12.72,12.72,10.73,8.65,11.07,3.68,13.02,
57,100,8,66,140,223,474,1012,785,245,17.40,12.54,11.71,12.82,6.54,44.26,14.82,
65,100,8,59,131,204,423,1012,624,221,17.75,10.60,10.13,8.47,6.65,50.24,14.44,
73,100,8,60,125,191,384,1012,502,198,16.43,9.66,10.78,10.26,6.78,13.14,17.38,
81,100,8,61,121,178,339,1012,435,180,14.67,11.26,12.04,10.44,6.15,8.25,12.30,
89,100,8,59,118,159,299,1012,363,150,14.28,13.27,12.55,11.52,4.26,9.69,12.82,
97,100,8,59,116,142,246,1011,301,138,15.84,15.48,11.81,8.94,4.19,9.89,11.27,
105,100,8,58,112,128,209,1003,243,118,18.11,14.36,13.20,11.45,5.28,9.99,11.93,
113,100,8,62,105,117,166,875,195,115,18.92,12.17,13.83,13.28,14.68,8.16,13.29,
121,100,8,69,106,107,130,477,142,121,15.11,11.48,15.89,10.11,46.30,7.64,11.44,
1,100,16,168,263,398,829,1004,1007,408,137.19,125.35,97.23,24.55,12.59,14.26,30.43,
9,100,16,104,200,338,765,1008,1004,377,12.19,13.15,12.81,14.09,11.57,12.69,23.69,
17,100,16,97,189,320,720,1011,999,348,11.17,13.93,12.93,13.05,11.38,13.37,21.05,
25,100,16,94,181,300,669,1006,1001,332,11.63,11.67,9.66,13.10,11.06,14.37,21.97,
33,100,16,89,172,287,630,1005,1002,318,11.58,9.89,11.29,12.62,11.18,14.10,18.89,
41,100,16,85,171,270,580,1008,1000,290,11.91,13.19,10.65,11.68,10.62,14.38,14.82,
49,100,16,81,163,257,534,1008,1013,266,11.34,8.81,13.95,11.83,12.09,5.88,13.81,
57,100,16,71,157,235,480,1013,819,240,16.80,10.27,11.85,11.26,7.80,34.76,13.14,
65,100,16,67,150,216,436,1012,631,221,16.61,12.19,10.64,11.88,6.95,48.88,16.90,
73,100,16,68,138,198,392,1014,509,208,15.24,7.80,9.13,11.64,7.76,15.17,15.27,
81,100,16,74,138,187,349,1011,440,183,17.34,8.08,10.31,11.26,6.73,9.90,13.65,
89,100,16,76,140,172,307,1015,366,156,17.63,9.17,10.09,12.04,6.82,10.77,13.88,
97,100,16,76,141,160,258,1014,301,143,17.23,8.95,11.94,11.64,7.13,9.85,12.51,
105,100,16,84,141,146,224,1010,251,122,17.30,8.08,11.01,11.24,11.37,11.14,10.40,
113,100,16,96,142,140,184,883,198,113,17.54,7.29,14.96,12.79,18.30,7.50,12.32,
121,100,16,113,152,126,144,486,143,128,18.41,6.93,11.27,12.06,46.80,7.62,12.39,
1,100,24,181,287,405,834,1007,1007,411,111.15,115.11,90.71,23.82,12.34,14.49,32.55,
9,100,24,121,212,344,773,1008,1006,380,11.28,9.51,14.13,17.15,12.99,12.07,23.74,
17,100,24,113,211,332,724,1009,1005,350,13.33,12.90,12.55,17.59,9.03,13.96,25.57,
25,100,24,101,189,312,677,1012,1005,337,13.03,9.83,12.91,16.40,11.73,14.99,19.94,
33,100,24,94,190,294,630,1003,1000,321,11.78,9.99,10.80,14.58,12.08,16.40,20.53,
41,100,24,93,182,280,585,1009,999,295,11.93,6.89,9.93,13.93,11.48,17.52,19.10,
49,100,24,90,178,261,545,1007,1017,274,11.20,8.78,10.03,14.29,13.56,7.61,17.28,
57,100,24,87,174,250,499,1013,1016,246,10.18,8.52,10.01,14.81,10.35,9.22,18.37,
65,100,24,74,161,229,451,1013,648,220,16.01,7.04,11.09,13.07,11.90,47.54,18.85,
73,100,24,79,165,209,410,1016,509,204,16.58,9.87,8.88,13.36,7.46,16.83,13.97,
81,100,24,83,162,202,364,1014,443,194,16.01,7.99,10.73,12.90,7.73,12.03,14.51,
89,100,24,89,172,186,323,1014,374,159,16.64,13.36,10.67,11.36,7.82,13.04,13.70,
97,100,24,100,169,178,283,1017,305,134,14.71,6.45,9.93,12.78,9.43,11.87,14.25,
105,100,24,114,180,169,247,1009,249,128,17.43,10.20,12.90,14.62,11.86,10.81,12.50,
113,100,24,134,192,156,204,894,203,123,17.61,8.76,9.64,12.15,24.18,10.56,10.73,
121,100,24,159,220,155,173,502,158,125,18.70,11.18,10.92,12.86,44.68,13.54,11.31,
1,100,32,198,297,406,836,1006,1006,417,87.26,89.90,69.17,23.48,15.16,15.50,35.25,
9,100,32,137,242,355,781,1012,1002,380,10.17,11.46,12.81,21.23,11.80,15.51,27.24,
17,100,32,130,229,338,735,1009,1006,361,13.33,12.06,13.08,21.08,12.76,13.56,20.52,
25,100,32,117,203,318,688,1011,1004,341,11.81,9.90,12.62,18.52,11.72,15.52,22.50,
33,100,32,109,196,301,644,1010,999,325,11.26,8.30,12.94,18.17,12.25,17.77,24.51,
41,100,32,99,191,290,605,1009,998,297,11.41,9.04,11.48,16.64,12.39,18.20,23.01,
49,100,32,104,195,279,555,1007,1013,277,12.92,10.15,13.49,17.36,12.42,11.08,22.41,
57,100,32,94,183,253,513,1009,1019,252,11.65,9.78,11.02,14.82,11.34,8.93,15.72,
65,100,32,90,187,235,469,1013,661,226,16.52,10.60,10.91,15.57,9.95,48.40,17.88,
73,100,32,93,185,225,425,1013,513,209,15.24,9.98,11.92,16.50,10.84,20.96,15.69,
81,100,32,98,181,207,382,1013,445,191,14.92,8.23,10.23,15.86,9.53,16.38,13.75,
89,100,32,111,188,200,339,1016,372,162,16.15,8.08,9.24,14.01,8.34,16.86,13.09,
97,100,32,128,199,192,300,1014,308,146,16.42,8.28,9.65,11.27,9.93,14.61,15.26,
105,100,32,145,210,181,262,1010,256,134,15.74,7.17,9.13,13.76,12.77,15.23,14.45,
113,100,32,168,227,178,216,908,208,128,16.51,8.03,8.38,12.99,29.30,13.68,11.39,
121,100,32,220,262,185,195,514,163,125,18.71,10.04,12.02,14.90,47.72,16.30,11.87,