1,0,0,195,241,281,813,316,277,169,279.72,271.14,257.07,84.19,245.82,263.80,68.72,
9,0,0,59,104,155,771,164,136,128,14.48,14.02,13.81,26.21,15.62,14.07,17.10,
17,0,0,58,103,149,728,164,131,120,13.73,14.42,12.73,31.63,16.47,15.07,15.97,
25,0,0,57,104,143,681,152,125,124,13.16,13.01,13.03,33.63,11.88,9.96,14.24,
33,0,0,57,100,126,632,142,118,116,12.46,13.57,8.82,35.37,10.23,10.68,14.71,
41,0,0,58,99,132,584,138,119,114,10.96,14.10,12.46,33.25,9.70,11.42,14.80,
49,0,0,61,96,124,533,132,114,111,10.61,12.34,9.55,34.98,8.29,10.76,12.07,
57,0,0,59,99,118,482,126,111,105,11.22,13.47,8.69,37.01,7.66,11.54,14.93,
65,0,0,57,95,118,432,123,106,105,9.56,12.66,12.64,36.48,11.01,9.87,17.39,
73,0,0,57,93,108,383,119,103,108,10.70,12.57,9.35,34.88,8.39,11.27,18.07,
81,0,0,58,91,102,333,111,99,108,9.38,12.62,10.56,32.73,8.11,10.13,18.28,
89,0,0,58,88,96,278,106,98,108,8.58,11.57,10.91,33.07,7.88,9.58,19.86,
97,0,0,57,87,97,235,108,96,106,9.31,13.13,13.02,30.21,9.91,8.44,19.52,
105,0,0,56,85,92,190,106,97,110,9.75,13.15,13.75,22.70,11.93,11.73,17.67,
113,0,0,56,85,91,149,100,95,111,10.21,12.73,13.20,13.11,11.47,10.24,18.40,
121,0,0,57,80,85,118,99,98,117,9.44,10.57,12.43,11.29,14.04,11.96,18.87,
1,0,8,172,215,258,813,293,257,165,250.93,245.83,230.57,72.65,218.67,242.43,69.46,
9,0,8,61,104,152,780,169,137,131,14.56,14.92,12.89,20.56,14.54,13.01,17.97,
17,0,8,59,104,147,731,161,127,126,12.31,13.67,12.80,27.20,15.03,12.98,16.15,
25,0,8,61,103,144,687,152,124,123,11.70,12.45,13.06,28.76,12.11,12.39,15.54,
33,0,8,62,101,139,638,146,121,118,10.40,13.54,11.94,28.90,13.81,11.67,16.41,
41,0,8,61,100,134,589,137,115,113,10.28,13.64,12.49,31.78,12.64,9.05,13.77,
49,0,8,61,100,129,537,133,113,108,10.13,13.91,12.07,32.76,10.29,10.66,13.39,
57,0,8,61,96,116,489,122,110,111,10.13,13.46,7.86,31.61,6.12,11.31,14.01,
65,0,8,61,95,122,441,125,107,111,9.33,13.51,12.86,31.46,11.38,10.84,15.41,
73,0,8,63,95,112,387,114,102,110,8.69,12.19,10.19,30.53,7.08,9.12,18.17,
81,0,8,64,91,108,336,119,101,107,7.65,11.79,11.23,31.30,12.47,9.91,18.19,
89,0,8,63,89,105,288,114,104,110,8.29,11.63,13.56,29.96,9.34,13.05,17.09,
97,0,8,62,87,92,233,110,102,109,6.81,11.49,10.47,25.26,12.16,11.87,17.92,
105,0,8,61,86,93,188,105,103,114,7.84,11.39,12.19,19.50,12.28,13.44,14.74,
113,0,8,60,81,90,151,103,99,113,7.26,10.99,13.96,14.97,11.82,10.81,16.24,
121,0,8,59,81,86,117,97,97,124,7.88,12.11,11.36,11.81,11.24,10.38,16.56,
1,0,16,154,205,246,823,285,240,170,230.68,229.86,215.10,60.12,205.12,220.14,66.83,
9,0,16,60,105,151,783,165,137,132,13.62,14.41,10.63,17.43,13.22,11.55,16.53,
17,0,16,58,104,150,739,160,131,131,13.15,14.84,12.92,21.31,12.66,12.42,17.27,
25,0,16,59,101,145,690,155,125,121,13.05,12.71,11.99,24.45,14.11,13.65,15.16,
33,0,16,62,100,133,642,140,120,114,12.57,13.50,7.36,26.19,9.84,11.72,12.34,
41,0,16,61,98,134,594,140,115,117,10.90,13.03,11.54,26.50,10.79,9.20,13.53,
49,0,16,60,97,124,541,127,112,114,10.36,12.20,7.92,29.51,7.51,9.53,13.59,
57,0,16,64,98,122,492,126,114,114,10.47,13.08,9.34,29.18,8.85,12.77,13.61,
65,0,16,62,94,120,443,124,105,112,9.36,11.32,11.86,29.85,9.49,9.84,14.02,
73,0,16,63,93,107,393,120,107,113,8.96,13.11,9.01,30.17,8.54,10.77,15.19,
81,0,16,62,91,111,341,119,107,114,9.25,11.59,12.17,31.16,10.15,12.36,15.09,
89,0,16,62,90,100,295,110,104,115,9.00,11.43,10.45,25.15,8.82,12.89,15.41,
97,0,16,64,92,99,241,111,102,115,8.56,12.59,11.83,24.73,11.14,12.50,15.70,
105,0,16,62,87,96,193,109,101,121,9.20,11.70,13.38,21.85,13.83,11.76,16.12,
113,0,16,62,88,93,157,100,97,119,9.04,12.77,13.23,20.99,10.52,11.37,15.37,
121,0,16,61,83,86,110,96,101,127,10.07,12.84,12.49,7.83,10.28,11.32,14.25,
1,0,24,143,186,234,817,275,230,170,213.42,205.70,193.67,57.46,186.08,206.59,64.63,
9,0,24,60,104,153,791,175,142,138,12.48,13.67,14.03,13.23,13.32,11.99,17.64,
17,0,24,60,103,147,745,156,130,129,12.85,12.75,11.35,16.29,11.18,11.99,15.37,
25,0,24,60,102,143,698,154,124,124,11.77,13.08,8.49,18.37,13.07,11.84,15.29,
33,0,24,61,99,133,650,139,123,118,11.29,11.80,6.72,21.41,8.32,12.48,13.64,
41,0,24,58,101,136,603,141,118,116,11.07,13.18,12.97,21.39,11.78,10.41,12.64,
49,0,24,61,101,133,552,136,113,114,10.92,14.21,12.55,24.45,13.62,9.35,12.88,
57,0,24,59,99,120,501,124,112,114,9.09,12.89,7.78,25.50,6.93,11.35,13.23,
65,0,24,60,96,121,453,128,106,112,9.78,12.60,11.97,24.59,12.18,8.81,14.18,
73,0,24,63,93,114,400,123,103,111,8.91,11.34,9.89,25.43,11.24,8.75,14.99,
81,0,24,61,94,106,346,112,102,113,8.30,12.13,9.05,25.76,6.21,9.22,13.80,
89,0,24,61,90,107,295,119,103,115,8.08,11.97,12.42,26.04,11.96,11.24,14.44,
97,0,24,60,91,98,242,113,101,112,7.90,11.06,10.09,24.20,12.76,11.55,14.72,
105,0,24,60,88,96,191,107,103,114,7.43,12.24,11.10,20.94,11.52,10.82,13.77,
113,0,24,57,85,92,150,103,104,132,9.10,12.76,12.06,10.73,10.13,10.65,14.51,
121,0,24,55,81,84,110,97,103,133,8.25,10.77,11.09,6.67,13.13,11.75,13.93,
1,0,32,136,182,228,819,270,226,171,195.06,193.94,181.67,52.48,169.67,192.34,64.41,
9,0,32,58,106,154,801,175,141,134,13.61,15.67,13.53,9.98,11.63,13.57,15.28,
17,0,32,58,102,141,749,155,137,131,12.67,13.82,7.75,13.91,10.65,12.05,14.44,
25,0,32,58,100,141,700,152,129,126,12.29,12.56,8.96,17.64,10.80,12.18,14.59,
33,0,32,60,103,140,660,151,122,122,11.43,13.89,11.88,15.90,14.02,10.99,16.35,
41,0,32,60,98,136,606,141,115,120,10.81,12.84,12.53,19.34,11.07,8.93,13.39,
49,0,32,60,98,125,555,128,116,118,10.00,12.16,6.92,22.46,8.32,9.42,12.95,
57,0,32,62,94,128,506,131,109,116,10.14,11.96,12.68,21.55,11.48,10.00,13.17,
65,0,32,58,96,118,451,124,111,120,9.47,12.79,9.39,24.40,9.57,11.96,11.77,
73,0,32,60,96,114,404,124,108,119,8.38,13.17,10.27,22.67,11.15,10.49,12.92,
81,0,32,60,93,111,351,120,106,131,8.52,12.88,10.33,23.90,11.03,11.92,13.57,
89,0,32,61,92,103,300,111,104,117,8.42,11.32,9.31,22.29,7.66,10.59,13.80,
97,0,32,60,90,103,251,109,102,117,7.82,11.69,11.69,21.82,9.41,10.30,13.10,
105,0,32,60,92,96,196,103,102,120,9.08,12.22,12.02,19.94,8.96,10.94,12.53,
113,0,32,62,86,94,157,106,106,126,8.87,11.31,12.27,13.64,12.31,10.43,13.50,
121,0,32,59,81,86,113,95,102,134,9.62,13.08,12.11,7.49,10.71,10.83,13.44,
1,25,0,189,235,277,815,312,273,164,269.58,267.29,251.03,79.09,238.85,264.34,73.67,
9,25,0,59,107,149,781,165,134,131,14.49,14.14,10.28,21.25,15.13,13.09,20.21,
17,25,0,61,106,146,730,154,132,125,13.80,15.05,11.03,30.51,15.11,12.88,16.49,
25,25,0,58,104,142,686,151,124,121,12.54,14.50,11.35,31.17,12.50,10.25,15.96,
33,25,0,59,100,136,635,145,117,113,13.64,13.41,12.24,34.32,13.11,8.83,15.36,
41,25,0,57,98,133,589,141,117,112,11.64,12.68,11.30,33.11,11.50,10.18,14.70,
49,25,0,59,99,129,538,131,113,112,11.37,13.84,10.81,36.33,9.05,11.17,15.09,
57,25,0,61,97,123,487,130,111,109,10.93,12.99,11.46,35.41,11.53,10.59,17.29,
65,25,0,61,96,113,438,122,108,106,9.73,13.35,10.95,35.71,9.41,10.04,16.87,
73,25,0,60,93,102,387,118,105,107,8.78,13.12,9.24,37.22,8.20,11.74,20.56,
81,25,0,59,91,108,340,123,99,107,9.16,12.98,12.71,34.80,13.10,9.89,20.97,
89,25,0,58,91,100,287,114,100,104,10.27,12.58,12.03,35.50,11.14,11.30,24.23,
97,25,0,60,88,94,232,107,103,114,9.57,14.27,11.77,30.69,10.69,11.80,17.59,
105,25,0,59,87,90,187,109,104,111,8.45,12.80,12.46,26.67,13.94,14.20,16.41,
113,25,0,55,84,89,152,105,101,112,9.72,12.04,13.54,14.09,12.64,13.58,16.80,
121,25,0,59,82,90,116,100,98,122,9.10,11.68,13.23,9.83,13.56,11.43,16.91,
1,25,8,163,220,265,832,315,286,197,243.26,241.97,225.13,66.31,211.15,220.21,63.88,
9,25,8,58,112,152,792,184,171,156,14.10,14.67,10.09,20.84,16.93,14.55,15.10,
17,25,8,57,108,152,745,181,153,150,13.82,12.67,10.96,27.55,15.98,13.24,19.34,
25,25,8,62,108,149,698,166,152,142,13.75,14.95,12.28,25.77,11.92,15.28,14.36,
33,25,8,60,107,145,653,160,139,128,12.04,13.46,13.38,25.63,13.47,12.39,16.50,
41,25,8,62,102,136,600,142,140,127,10.60,11.50,9.29,30.77,9.69,14.25,15.42,
49,25,8,63,103,129,550,140,122,125,11.35,13.99,10.37,31.54,8.90,10.61,15.47,
57,25,8,62,99,128,501,137,122,122,10.53,11.86,10.56,30.15,10.23,9.48,15.42,
65,25,8,62,102,123,449,133,121,119,10.61,13.18,11.15,32.02,11.21,11.03,16.79,
73,25,8,63,96,124,403,130,116,117,9.78,10.69,13.55,30.82,12.20,8.51,15.79,
81,25,8,63,97,112,353,118,108,120,8.18,12.18,11.64,31.06,9.21,10.15,15.01,
89,25,8,62,100,105,298,115,110,114,9.55,12.83,10.61,29.63,9.52,10.80,16.77,
97,25,8,63,94,107,248,114,103,115,9.30,11.17,13.23,27.39,13.87,9.81,15.92,
105,25,8,60,91,99,197,111,103,120,10.22,13.27,13.83,24.17,11.11,10.64,15.20,
113,25,8,61,90,101,159,102,102,115,13.38,15.66,16.24,19.34,10.97,11.05,15.60,
121,25,8,57,99,101,126,101,98,122,13.79,12.49,10.69,15.20,12.13,11.15,15.35,
1,25,16,147,219,259,825,303,286,206,221.70,211.15,197.31,58.84,188.54,204.34,67.91,
9,25,16,57,127,174,799,191,180,165,15.65,14.38,14.97,16.61,16.04,15.39,19.04,
17,25,16,54,126,166,756,178,170,153,15.51,14.28,12.31,20.30,14.34,15.35,15.19,
25,25,16,56,123,165,708,168,157,145,14.58,12.45,12.36,21.71,14.56,15.54,16.27,
33,25,16,58,120,163,657,160,149,142,11.99,11.97,10.94,25.00,12.91,12.53,16.98,
41,25,16,63,116,148,607,143,135,133,13.54,11.45,11.10,25.07,11.85,14.03,16.72,
49,25,16,63,115,158,558,142,126,131,10.52,14.56,12.38,26.10,9.51,11.59,12.33,
57,25,16,60,113,138,509,137,126,127,11.87,12.60,10.30,27.50,9.84,9.97,14.84,
65,25,16,60,115,153,462,134,119,121,9.96,14.00,13.16,26.85,10.58,10.76,14.50,
73,25,16,60,113,129,410,126,122,128,11.04,11.09,13.48,27.33,8.59,10.95,14.89,
81,25,16,60,111,150,366,125,112,120,12.47,7.84,13.97,26.70,10.61,9.88,16.02,
89,25,16,61,116,139,313,123,114,122,14.08,10.98,15.80,26.44,13.45,12.48,15.28,
97,25,16,59,110,134,268,118,111,118,15.61,12.72,17.53,22.94,11.88,12.33,15.69,
105,25,16,59,121,130,218,115,106,122,17.34,19.21,20.17,24.47,12.26,11.61,15.11,
113,25,16,63,130,142,188,118,108,124,20.17,21.64,20.17,22.77,14.78,11.38,12.08,
121,25,16,62,132,141,143,109,105,126,17.18,11.86,11.15,17.46,14.59,12.17,12.68,
1,25,24,139,228,273,836,299,268,214,195.56,190.35,177.60,50.48,171.09,176.43,67.90,
9,25,24,57,144,180,809,196,180,178,18.24,15.03,14.56,15.74,14.98,16.59,19.85,
17,25,24,60,136,188,762,185,163,167,15.46,9.94,12.04,17.83,13.60,16.23,16.96,
25,25,24,58,138,183,711,165,156,154,18.00,12.85,13.94,19.31,12.68,13.27,19.63,
33,25,24,56,134,184,666,160,148,139,14.85,10.53,12.14,19.78,11.80,13.60,16.43,
41,25,24,58,121,175,622,154,138,134,15.15,8.16,12.71,18.10,12.48,15.13,16.34,
49,25,24,61,122,176,570,152,135,135,15.91,8.63,10.89,20.69,14.98,12.46,16.05,
57,25,24,57,128,168,520,136,128,127,13.47,12.07,11.33,22.91,10.56,11.28,17.54,
65,25,24,61,128,162,470,141,125,124,10.39,11.06,13.57,24.40,14.25,12.17,14.27,
73,25,24,59,127,166,427,136,115,130,16.37,8.71,14.81,22.27,11.69,9.40,16.17,
81,25,24,59,135,174,382,134,119,125,17.68,11.14,14.92,21.33,13.81,10.27,14.25,
89,25,24,59,148,178,332,130,113,122,17.09,10.62,17.14,21.82,11.34,9.53,10.75,
97,25,24,63,140,172,282,120,111,121,17.99,15.30,17.92,26.43,12.52,12.32,15.25,
105,25,24,70,169,172,235,128,113,122,21.37,17.66,17.79,22.08,13.95,10.79,13.13,
113,25,24,74,161,175,193,120,112,133,20.69,19.43,14.76,17.34,14.65,10.63,13.49,
121,25,24,75,182,174,157,126,106,130,18.08,10.97,11.25,17.17,12.51,13.41,13.62,
1,25,32,141,240,280,836,294,274,219,176.74,170.40,159.71,43.87,156.55,161.79,61.30,
9,25,32,65,163,211,816,203,187,184,18.55,10.28,13.92,13.87,11.66,19.62,27.26,
17,25,32,64,159,197,767,185,170,175,18.37,11.85,13.32,14.45,13.99,17.03,28.20,
25,25,32,62,155,194,724,178,153,162,18.44,12.34,12.45,17.17,11.83,14.80,25.29,
33,25,32,63,149,200,678,159,145,151,16.04,9.26,11.33,18.51,13.06,14.89,19.91,
41,25,32,64,140,203,628,151,133,138,15.39,7.83,13.29,17.37,12.50,12.85,19.84,
49,25,32,56,139,193,576,148,133,136,16.49,8.67,14.34,17.51,11.99,12.28,14.78,
57,25,32,64,137,196,535,141,129,137,14.50,9.80,13.88,16.48,12.23,10.91,13.93,
65,25,32,59,142,197,491,141,127,133,15.50,10.92,15.21,17.39,13.47,10.68,14.11,
73,25,32,60,148,208,445,139,121,129,14.71,10.53,15.03,18.06,13.71,11.59,16.30,
81,25,32,65,158,209,399,141,120,130,14.93,11.31,13.86,21.07,13.25,10.65,12.59,
89,25,32,70,169,206,347,133,119,132,14.87,11.95,13.71,25.70,16.02,12.77,13.21,
97,25,32,75,186,206,311,132,119,130,16.43,13.04,14.20,21.90,18.14,11.89,12.93,
105,25,32,79,203,214,259,142,117,126,18.51,16.47,12.77,23.79,14.18,13.54,14.62,
113,25,32,89,211,215,218,136,123,140,20.24,12.61,12.11,17.29,15.99,13.86,15.23,
121,25,32,87,217,210,185,143,118,126,17.68,10.51,10.96,15.07,10.98,13.10,14.15,
1,50,0,186,236,278,823,332,304,196,268.84,264.47,248.18,77.85,232.28,243.55,63.32,
9,50,0,70,119,162,783,179,146,141,20.63,29.06,18.76,24.18,13.26,12.45,16.34,
17,50,0,60,102,145,732,153,130,121,12.03,14.49,10.15,29.23,15.25,11.35,17.82,
25,50,0,58,101,141,688,151,125,119,12.70,13.56,10.09,32.23,11.41,10.26,14.77,
33,50,0,61,100,139,639,143,120,115,12.61,12.37,12.12,35.39,12.35,11.64,15.61,
41,50,0,59,99,135,592,137,120,115,12.48,13.78,11.80,35.22,11.57,12.44,15.14,
49,50,0,61,98,128,543,130,113,109,11.23,13.48,10.27,35.99,8.06,9.16,15.51,
57,50,0,64,96,123,493,131,113,106,10.33,13.99,11.90,38.22,10.10,11.78,17.28,
65,50,0,60,95,119,444,127,107,109,10.71,13.25,12.95,37.02,10.91,9.88,19.39,
73,50,0,60,93,113,397,124,103,105,10.29,11.57,12.11,35.86,11.49,9.33,21.64,
81,50,0,59,92,107,343,116,104,110,9.74,12.17,12.82,35.26,10.27,10.87,19.30,
89,50,0,59,92,100,298,115,100,106,9.45,13.50,11.21,34.47,12.82,10.85,22.81,
97,50,0,62,89,97,244,105,102,109,8.96,13.06,12.16,29.66,11.52,11.69,21.38,
105,50,0,60,88,92,193,104,100,111,10.91,13.39,15.05,27.61,12.23,12.05,19.69,
113,50,0,59,87,93,165,103,98,114,11.89,14.72,16.20,21.37,13.16,11.19,18.31,
121,50,0,59,83,84,112,100,93,113,9.97,14.27,12.92,9.94,11.95,9.61,15.32,
1,50,8,166,229,259,824,316,282,196,243.35,241.10,226.80,66.74,211.13,222.03,66.74,
9,50,8,58,118,156,792,187,169,159,16.00,15.25,12.54,18.39,17.78,12.45,15.30,
17,50,8,57,116,148,753,179,154,148,14.95,13.24,10.12,20.97,16.41,14.29,16.65,
25,50,8,60,115,147,702,167,149,141,14.17,14.14,10.23,25.78,14.93,13.00,16.53,
33,50,8,63,108,140,655,149,141,134,13.19,12.05,9.39,27.39,12.77,12.67,15.58,
41,50,8,61,103,134,605,142,132,130,12.40,11.03,8.80,29.81,10.75,11.13,18.43,
49,50,8,63,105,133,555,139,127,129,13.11,11.59,12.40,31.40,11.70,11.05,15.41,
57,50,8,61,105,123,505,135,125,119,10.64,12.97,8.41,31.53,9.72,11.36,16.67,
65,50,8,61,101,113,458,123,119,118,11.83,11.14,8.24,29.07,8.94,10.65,16.74,
73,50,8,60,103,121,406,129,112,124,10.57,12.87,12.31,31.07,9.52,10.17,14.78,
81,50,8,62,105,112,348,124,112,117,11.47,12.82,11.31,31.56,12.06,10.51,18.12,
89,50,8,62,107,111,304,119,106,115,11.20,13.00,14.03,29.16,11.16,10.80,18.27,
97,50,8,59,107,105,251,114,103,114,15.10,13.27,12.54,26.49,11.18,9.77,17.38,
105,50,8,58,107,100,204,108,103,110,17.39,16.77,15.86,26.96,11.20,11.06,18.89,
113,50,8,57,101,95,159,106,104,118,18.19,20.48,16.63,18.04,12.90,12.04,14.41,
121,50,8,55,100,94,115,101,103,127,20.15,11.95,14.33,10.69,12.75,12.74,13.72,
1,50,16,156,235,247,832,301,282,201,221.06,205.09,201.22,57.49,187.57,203.48,62.46,
9,50,16,64,144,163,804,193,176,165,18.88,12.44,13.33,14.64,15.19,16.63,20.40,
17,50,16,60,141,158,755,184,171,151,17.94,11.40,11.77,19.93,12.93,14.02,15.10,
25,50,16,61,132,153,710,170,155,145,18.33,8.46,10.67,19.75,12.54,16.18,15.13,
33,50,16,60,134,145,663,154,153,139,17.73,11.91,10.05,22.06,11.04,14.32,16.75,
41,50,16,56,120,144,615,148,134,130,15.87,7.84,13.00,23.37,11.44,13.91,14.14,
49,50,16,63,123,142,562,145,129,125,15.89,8.09,11.72,27.19,11.58,12.96,15.47,
57,50,16,60,124,134,513,138,125,122,14.52,8.47,9.98,26.61,10.78,12.10,14.78,
65,50,16,59,136,126,461,129,121,126,15.58,11.67,9.50,25.33,8.62,11.58,12.94,
73,50,16,63,128,121,409,121,116,119,17.56,10.20,8.90,27.31,8.56,10.58,14.29,
81,50,16,61,123,130,361,130,112,118,17.56,10.28,12.22,24.07,11.10,10.99,17.50,
89,50,16,66,130,119,312,114,110,123,18.66,14.72,11.56,24.58,9.02,11.05,14.11,
97,50,16,68,143,122,267,118,112,127,19.07,23.73,14.71,22.40,10.37,11.30,12.79,
105,50,16,75,157,120,219,114,108,120,21.89,32.57,15.92,22.38,11.77,10.27,12.92,
113,50,16,78,156,117,169,107,106,127,21.77,25.83,14.98,17.29,11.76,12.19,13.38,
121,50,16,86,186,124,143,104,97,127,18.77,12.84,11.07,17.55,12.22,9.77,13.69,
1,50,24,156,263,249,836,297,279,203,196.83,181.97,181.92,51.38,172.38,188.03,63.29,
9,50,24,75,183,173,814,191,185,169,20.64,12.98,14.22,15.60,17.10,17.93,23.00,
17,50,24,67,172,157,765,177,162,163,18.83,10.68,9.11,17.90,14.12,17.14,21.22,
25,50,24,65,164,162,722,176,149,145,19.93,10.32,12.91,17.83,15.56,14.21,18.73,
33,50,24,60,147,154,668,161,146,141,17.68,8.95,11.52,19.60,11.75,13.77,18.86,
41,50,24,60,143,151,620,152,138,139,18.93,7.03,12.35,21.90,12.53,10.98,14.10,
49,50,24,59,146,143,575,143,135,135,17.47,7.59,9.71,19.69,10.41,13.23,15.29,
57,50,24,61,140,140,517,138,126,126,17.01,7.52,10.89,24.55,11.26,10.78,14.62,
65,50,24,61,145,144,472,141,124,123,16.58,8.56,10.71,22.52,11.72,12.00,13.01,
73,50,24,66,157,145,427,139,120,122,16.16,8.44,11.90,19.48,12.30,10.92,13.03,
81,50,24,73,169,132,367,128,107,130,17.44,10.44,8.88,23.44,12.18,11.36,13.23,
89,50,24,80,182,142,326,119,111,128,17.39,18.34,10.93,18.44,10.05,11.69,14.36,
97,50,24,88,207,139,277,127,110,122,19.01,23.77,15.22,17.95,13.95,11.49,13.78,
105,50,24,96,210,143,235,121,112,126,19.98,26.59,16.78,17.26,12.48,12.06,12.75,
113,50,24,108,212,144,198,119,114,124,20.19,20.87,14.45,18.83,13.65,12.92,14.21,
121,50,24,114,223,145,167,119,111,131,18.88,10.68,11.21,15.37,12.29,12.30,14.65,
1,50,32,161,289,251,851,292,271,220,174.47,158.97,166.91,44.35,154.86,159.70,69.20,
9,50,32,86,209,170,822,196,182,195,18.20,10.48,11.03,17.94,15.60,15.96,36.91,
17,50,32,82,208,172,772,190,167,176,18.20,11.70,11.29,18.70,12.76,16.97,25.10,
25,50,32,77,183,170,737,174,152,160,17.97,10.09,14.42,18.61,14.99,15.81,27.55,
33,50,32,67,178,165,683,164,144,148,17.69,10.57,12.83,18.06,13.48,13.68,21.84,
41,50,32,62,174,161,632,155,140,145,17.30,9.64,10.77,18.58,12.85,13.20,19.23,
49,50,32,65,181,163,585,153,133,138,17.76,10.08,11.50,19.04,12.50,11.94,18.87,
57,50,32,64,180,157,534,150,129,135,15.61,9.22,11.59,19.55,11.13,13.17,16.56,
65,50,32,73,171,152,481,137,123,133,15.82,10.11,14.07,19.15,11.43,12.73,14.45,
73,50,32,75,198,157,433,142,125,133,14.11,11.09,11.35,21.04,11.11,12.67,15.37,
81,50,32,83,209,150,390,133,115,124,15.49,11.31,9.33,18.80,14.90,12.26,14.83,
89,50,32,91,220,166,338,132,119,133,13.72,20.66,12.92,20.29,14.74,12.27,16.32,
97,50,32,103,247,160,295,134,120,124,16.31,20.46,13.54,13.67,12.56,12.24,13.45,
105,50,32,121,257,165,255,128,119,131,18.93,17.30,14.50,15.89,15.62,13.35,13.41,
113,50,32,128,268,171,232,134,118,126,18.54,12.44,12.33,18.19,12.68,12.61,15.39,
121,50,32,142,287,180,197,142,125,134,17.33,10.65,9.60,15.94,12.14,11.46,14.07,
1,75,0,187,237,278,821,329,305,194,265.72,265.86,249.27,77.61,227.86,241.85,69.65,
9,75,0,71,116,163,781,179,146,142,20.65,26.62,21.74,21.43,11.79,11.82,15.21,
17,75,0,58,104,146,733,157,131,125,13.74,13.61,9.62,29.13,13.45,11.45,17.11,
25,75,0,61,102,141,685,150,123,114,12.85,12.66,10.46,33.00,12.79,10.55,14.79,
33,75,0,57,100,139,633,142,121,114,12.19,12.31,12.74,35.85,11.06,10.18,13.92,
41,75,0,58,99,132,585,144,119,116,11.14,13.31,12.27,36.69,14.36,12.16,13.00,
49,75,0,60,99,122,535,134,112,110,9.91,12.78,8.72,35.86,7.73,10.45,15.00,
57,75,0,58,96,123,489,130,112,107,10.69,13.91,11.93,35.31,11.96,9.42,16.47,
65,75,0,60,94,114,436,125,105,104,9.96,13.27,10.62,35.85,9.11,10.44,16.77,
73,75,0,61,93,111,385,123,106,103,9.70,11.82,10.82,35.52,11.40,11.22,19.43,
81,75,0,58,90,105,337,117,103,110,9.21,12.13,12.18,34.29,10.35,11.47,18.76,
89,75,0,58,91,104,285,115,102,106,9.24,12.15,13.62,31.83,11.96,11.19,20.46,
97,75,0,59,88,94,230,109,98,107,8.86,12.91,12.71,30.08,10.35,10.40,19.50,
105,75,0,58,86,88,189,101,99,112,8.50,12.46,10.82,22.25,9.22,9.71,18.60,
113,75,0,58,83,87,150,98,100,112,8.86,12.16,11.28,12.23,10.64,13.05,16.35,
121,75,0,57,82,88,122,95,96,118,10.02,13.35,14.03,15.07,11.38,10.13,17.14,
1,75,8,162,226,260,832,315,284,190,245.23,240.73,226.33,67.13,211.02,222.76,64.71,
9,75,8,58,114,159,791,190,168,157,14.93,13.31,13.26,19.51,18.02,16.40,18.21,
17,75,8,61,114,150,747,168,158,146,15.49,14.25,10.43,24.91,15.26,13.08,15.41,
25,75,8,61,110,147,699,163,145,139,13.26,12.35,10.83,27.08,12.40,13.28,15.15,
33,75,8,61,109,143,647,157,141,131,13.31,11.88,11.00,28.54,13.66,12.32,16.81,
41,75,8,60,107,140,602,144,135,129,13.45,10.80,13.10,28.39,9.95,10.48,17.61,
49,75,8,61,103,132,550,140,124,117,11.69,10.68,8.82,30.15,11.36,10.10,16.14,
57,75,8,60,105,130,499,137,117,121,10.87,13.49,12.22,32.44,11.15,10.20,17.07,
65,75,8,63,102,121,449,132,119,116,10.64,12.76,10.35,30.41,10.18,12.08,17.97,
73,75,8,62,104,118,394,126,113,112,10.30,11.69,12.43,32.57,11.24,11.91,18.95,
81,75,8,61,103,115,347,123,112,113,12.52,10.75,13.77,30.33,10.85,11.27,16.37,
89,75,8,59,99,111,297,114,107,117,15.01,10.46,13.60,28.38,9.45,11.51,15.88,
97,75,8,62,102,107,246,110,108,115,15.20,14.90,13.88,27.74,10.29,12.48,16.82,
105,75,8,57,103,102,198,106,99,113,15.54,16.92,13.04,24.28,10.86,9.82,15.39,
113,75,8,58,94,96,150,102,101,117,16.72,12.04,15.74,14.12,10.94,10.10,16.67,
121,75,8,56,107,95,120,100,94,117,19.08,15.37,11.83,12.52,12.66,9.35,17.33,
1,75,16,164,236,253,829,301,282,201,223.25,205.72,200.22,58.72,190.73,204.13,61.21,
9,75,16,68,138,166,804,195,177,157,18.87,9.02,11.52,17.26,16.35,16.41,16.94,
17,75,16,68,137,167,758,179,164,156,18.29,8.81,13.12,18.21,14.63,15.33,17.32,
25,75,16,62,132,160,708,166,157,140,18.37,10.17,10.30,20.03,14.32,14.86,16.97,
33,75,16,60,133,157,662,162,143,135,17.25,13.31,11.34,22.25,14.00,15.52,17.78,
41,75,16,58,133,151,610,146,138,130,18.15,13.06,11.99,24.13,10.68,11.59,14.01,
49,75,16,62,125,150,558,141,132,129,16.54,8.27,13.43,27.41,11.21,13.94,13.44,
57,75,16,61,120,133,510,135,121,128,17.09,8.66,9.75,27.53,9.85,10.21,14.54,
65,75,16,61,123,144,462,128,119,119,17.70,8.16,12.57,26.38,10.71,10.15,15.12,
73,75,16,64,122,130,411,128,113,120,19.02,8.45,11.82,27.88,10.49,10.58,15.66,
81,75,16,68,127,122,360,122,109,122,18.40,13.30,11.71,25.50,7.94,11.20,14.59,
89,75,16,76,142,122,313,112,110,119,19.45,16.64,13.18,23.83,10.33,11.54,16.48,
97,75,16,77,157,134,265,120,105,118,19.60,22.99,16.35,24.26,10.57,10.88,14.40,
105,75,16,83,150,117,218,111,104,115,21.04,30.34,19.54,20.96,10.96,10.96,15.43,
113,75,16,89,160,121,174,103,104,126,22.66,26.26,15.49,16.96,11.70,12.27,13.45,
121,75,16,102,173,133,134,107,100,123,20.07,16.44,11.65,15.22,12.83,11.23,15.78,
1,75,24,167,264,266,836,298,277,213,192.60,181.44,180.80,51.97,170.75,177.45,66.84,
9,75,24,86,174,180,822,205,177,172,18.66,9.17,14.08,17.31,13.91,20.24,22.78,
17,75,24,81,161,179,768,183,171,158,19.08,8.34,11.06,17.67,15.56,16.66,21.92,
25,75,24,70,153,180,717,171,150,145,19.16,8.75,13.19,17.64,13.56,17.72,20.86,
33,75,24,65,156,174,672,166,147,146,18.92,8.77,11.13,20.16,13.63,13.29,14.06,
41,75,24,66,155,171,624,155,140,137,19.74,8.54,10.68,22.29,14.17,13.54,14.46,
49,75,24,63,156,160,573,142,130,134,16.91,13.04,11.86,21.37,12.65,11.84,15.42,
57,75,24,64,146,166,522,138,123,121,19.05,7.52,11.40,22.61,10.07,11.49,16.07,
65,75,24,66,154,162,477,139,118,127,18.42,10.45,13.95,24.95,10.73,10.31,13.78,
73,75,24,74,177,156,423,136,116,129,18.04,11.44,15.19,24.04,10.46,10.16,13.30,
81,75,24,84,174,152,370,134,113,121,18.88,15.60,14.41,19.49,12.20,9.99,14.67,
89,75,24,96,186,153,338,125,109,126,17.26,23.89,12.36,19.91,13.26,10.02,15.44,
97,75,24,110,205,153,279,123,115,125,19.94,27.31,15.26,14.81,10.39,12.79,12.92,
105,75,24,121,222,159,239,121,106,122,22.58,22.28,13.79,19.68,12.92,11.78,12.95,
113,75,24,134,233,173,195,120,106,125,23.67,23.17,14.75,19.81,14.90,11.98,14.57,
121,75,24,151,244,163,161,118,107,134,18.87,14.17,12.87,20.48,12.59,11.74,13.59,
1,75,32,179,291,275,848,298,269,216,166.56,153.15,158.80,44.46,167.20,174.13,58.68,
9,75,32,103,219,200,818,194,174,183,19.09,11.45,12.34,22.30,15.86,19.00,29.40,
17,75,32,99,193,203,779,186,163,176,18.49,9.40,13.67,19.17,15.58,14.90,29.55,
25,75,32,88,184,196,735,176,152,161,19.47,10.16,13.17,18.17,13.25,14.52,19.96,
33,75,32,81,173,190,685,160,145,148,17.88,10.14,11.52,20.74,10.58,11.61,18.91,
41,75,32,73,168,189,640,159,136,146,17.87,9.60,11.07,21.00,12.33,12.01,20.56,
49,75,32,71,179,181,589,152,131,134,16.20,8.68,11.19,19.74,11.86,11.69,15.69,
57,75,32,74,181,178,532,150,128,136,16.68,9.94,12.27,20.70,13.56,13.42,17.37,
65,75,32,79,188,180,492,147,120,129,16.07,10.70,16.43,19.56,13.08,10.00,14.33,
73,75,32,90,205,177,443,147,120,130,16.93,12.77,14.16,19.88,13.78,11.87,15.94,
81,75,32,104,225,176,390,133,118,125,16.10,14.11,12.24,21.67,14.59,10.85,15.21,
89,75,32,116,233,178,353,133,121,121,18.30,19.85,12.56,20.50,13.59,13.33,13.52,
97,75,32,132,251,189,301,127,118,121,18.22,24.03,11.20,15.00,12.65,11.73,14.29,
105,75,32,147,270,187,261,136,122,124,21.54,21.71,15.02,14.20,12.22,12.35,11.30,
113,75,32,170,296,193,221,131,120,135,20.58,16.44,16.20,17.40,12.92,11.56,13.03,
121,75,32,186,310,214,192,137,120,128,19.74,12.91,12.21,14.78,11.62,12.24,15.14,
1,100,0,185,239,280,821,327,302,194,270.54,264.95,247.93,78.25,230.76,244.06,58.15,
9,100,0,60,108,154,782,185,168,151,13.51,13.22,9.80,23.91,14.73,13.69,18.27,
17,100,0,58,107,154,740,175,150,144,13.85,15.10,13.71,28.74,17.68,12.98,17.60,
25,100,0,60,106,145,688,162,145,131,13.93,14.07,11.08,32.51,12.48,12.63,16.68,
33,100,0,60,101,142,642,155,135,129,12.62,12.14,12.31,33.93,11.73,11.12,16.33,
41,100,0,60,100,131,593,148,136,127,11.83,13.35,10.08,33.76,10.10,12.56,16.35,
49,100,0,61,99,132,542,145,123,118,11.43,14.28,12.86,37.31,11.24,9.80,14.00,
57,100,0,60,98,121,492,133,119,120,9.99,12.37,10.05,35.12,7.44,11.50,16.52,
65,100,0,61,94,119,438,131,112,114,11.36,12.24,11.63,35.98,11.46,11.24,18.14,
73,100,0,60,94,106,388,116,117,120,9.50,12.62,8.89,34.64,7.04,11.85,17.71,
81,100,0,66,102,114,338,118,105,113,15.59,18.17,14.25,32.33,10.06,10.66,18.45,
89,100,0,58,91,100,282,115,100,109,8.69,11.82,11.31,31.95,12.07,11.90,19.28,
97,100,0,57,87,95,230,105,99,109,8.54,11.61,13.03,29.94,10.07,11.92,19.11,
105,100,0,60,85,90,187,106,99,106,10.16,13.22,11.38,24.45,13.08,11.63,18.85,
113,100,0,58,85,88,149,101,101,111,9.98,13.03,13.34,13.74,11.63,12.56,18.70,
121,100,0,55,80,88,118,97,101,116,8.85,12.12,12.22,11.28,11.39,13.19,17.11,
1,100,8,171,222,261,826,311,284,199,245.26,241.50,226.15,68.23,211.97,226.19,68.89,
9,100,8,61,113,157,792,185,163,152,16.81,13.98,10.70,20.18,16.90,16.30,19.41,
17,100,8,60,107,152,748,169,154,149,16.67,12.92,12.63,22.60,14.07,12.68,17.31,
25,100,8,62,108,144,698,158,146,133,14.56,13.35,8.04,24.67,14.35,13.33,19.18,
33,100,8,60,105,136,648,154,141,130,14.47,12.85,8.95,28.59,12.01,13.36,16.65,
41,100,8,65,101,129,600,143,129,125,13.65,10.49,9.00,29.09,9.41,10.96,15.93,
49,100,8,63,102,132,548,137,123,118,11.58,12.82,10.68,31.01,10.52,10.24,15.24,
57,100,8,60,99,128,498,133,122,112,11.92,10.83,11.65,30.49,8.34,12.40,18.95,
65,100,8,60,100,123,448,130,119,114,10.53,12.73,11.69,30.26,10.92,12.82,17.85,
73,100,8,60,102,111,395,123,112,115,12.14,10.66,9.83,33.17,8.85,11.15,16.77,
81,100,8,60,103,106,346,111,111,115,13.22,12.08,11.10,29.78,8.56,11.70,14.72,
89,100,8,61,99,111,291,118,104,111,17.01,12.46,15.00,28.39,12.65,10.38,18.95,
97,100,8,59,100,106,244,114,104,110,15.21,13.49,14.74,26.97,12.77,11.34,18.23,
105,100,8,59,96,100,199,110,104,115,16.85,16.22,15.76,24.09,11.98,10.94,15.43,
113,100,8,58,94,90,152,103,103,114,17.07,13.93,14.35,15.35,13.24,11.32,16.49,
121,100,8,56,96,91,112,96,91,118,17.49,13.24,11.75,10.53,10.04,9.03,19.02,
1,100,16,170,222,247,832,303,282,204,222.68,211.71,202.00,57.83,190.84,206.22,65.17,
9,100,16,73,134,160,800,185,172,163,18.20,15.25,10.48,18.96,16.13,16.71,17.12,
17,100,16,67,124,156,755,184,160,145,17.20,10.86,10.72,20.42,15.41,14.83,16.91,
25,100,16,66,121,153,714,170,149,141,19.09,10.00,11.99,19.24,17.51,15.11,16.15,
33,100,16,64,118,148,659,159,147,134,19.30,11.48,11.66,25.26,13.52,14.73,13.38,
41,100,16,60,119,142,612,148,135,123,18.16,10.14,10.31,25.64,11.78,13.79,16.37,
49,100,16,61,116,133,559,138,128,124,18.22,8.86,9.35,26.12,9.14,12.70,14.38,
57,100,16,62,118,134,509,137,121,127,18.86,10.18,10.87,27.43,10.10,11.19,15.85,
65,100,16,64,118,132,461,126,119,118,19.29,9.33,12.48,27.12,9.93,12.25,15.52,
73,100,16,64,119,136,411,134,115,118,19.20,7.71,14.07,27.04,11.75,11.55,15.44,
81,100,16,70,135,121,354,126,113,113,18.63,13.24,11.78,27.62,12.92,11.74,16.18,
89,100,16,77,126,119,310,121,107,123,18.64,14.63,14.17,21.32,11.85,9.74,15.11,
97,100,16,81,121,116,265,120,107,118,19.68,14.66,15.71,22.54,13.25,10.54,14.04,
105,100,16,84,129,108,215,113,108,114,22.08,19.91,18.21,20.04,13.58,12.59,14.13,
113,100,16,95,134,108,173,108,104,126,24.90,21.26,12.64,17.16,12.76,11.59,14.50,
121,100,16,113,146,114,132,106,104,128,22.28,17.48,11.04,11.80,12.03,13.81,15.57,
1,100,24,173,237,254,838,295,276,210,185.61,188.68,182.87,49.30,172.30,185.11,59.22,
9,100,24,92,148,171,812,198,184,171,17.47,7.13,9.90,17.61,15.45,18.74,20.45,
17,100,24,90,149,166,770,178,164,155,19.13,13.09,11.35,20.85,14.34,16.91,20.88,
25,100,24,83,144,157,719,166,150,148,19.42,12.04,11.05,21.12,13.49,17.95,18.20,
33,100,24,75,134,160,671,162,142,146,19.49,11.35,10.68,22.83,14.02,14.67,16.56,
41,100,24,68,133,149,618,148,132,142,20.53,11.02,10.18,24.44,9.68,14.47,15.44,
49,100,24,66,137,142,570,143,130,127,19.66,10.98,10.80,23.75,11.98,12.77,15.29,
57,100,24,66,136,143,520,138,126,136,19.07,8.82,11.74,23.99,9.97,12.63,17.06,
65,100,24,72,141,138,469,135,116,122,19.15,8.44,14.22,25.34,12.99,12.36,13.54,
73,100,24,77,139,139,420,134,117,119,18.86,9.49,13.62,22.12,12.18,12.93,13.72,
81,100,24,92,151,136,374,122,116,122,20.36,10.48,9.02,22.78,13.91,10.61,13.21,
89,100,24,104,150,139,321,122,108,118,18.64,16.99,12.15,17.48,10.90,9.60,12.58,
97,100,24,114,162,139,279,116,107,121,21.75,19.22,13.53,17.60,12.97,12.01,13.35,
105,100,24,123,170,146,235,115,109,125,22.24,21.56,12.44,16.94,11.38,12.94,12.20,
113,100,24,141,189,147,199,121,110,124,24.10,19.98,14.66,16.71,13.69,12.45,12.53,
121,100,24,168,207,151,159,122,105,129,21.91,15.10,12.67,18.02,12.40,13.96,13.98,
1,100,32,192,250,257,844,296,270,218,163.98,168.27,166.09,45.36,157.09,175.32,64.98,
9,100,32,118,170,179,816,193,171,189,18.30,8.56,13.57,22.65,15.57,18.66,26.82,
17,100,32,107,161,176,783,184,162,170,17.11,9.40,12.37,22.42,14.98,15.65,22.63,
25,100,32,91,159,178,737,179,153,160,17.38,12.08,13.61,21.33,15.14,12.87,23.95,
33,100,32,84,149,174,689,164,143,149,17.19,8.83,14.03,20.73,14.17,11.88,22.31,
41,100,32,83,151,163,633,159,140,142,18.57,10.99,12.19,22.96,12.86,11.85,20.52,
49,100,32,75,145,156,585,151,129,144,16.90,8.09,14.04,22.31,11.15,11.96,20.48,
57,100,32,76,160,164,534,148,128,134,17.50,12.36,13.47,22.60,11.75,11.50,17.87,
65,100,32,84,157,156,475,141,117,124,17.73,7.40,12.37,26.02,14.00,11.84,15.35,
73,100,32,98,173,144,431,136,118,121,18.29,10.70,10.10,24.83,14.52,11.67,14.82,
81,100,32,112,169,152,380,135,119,125,16.91,13.96,10.11,21.21,14.14,12.82,15.54,
89,100,32,124,183,163,337,135,117,128,18.08,13.83,12.66,14.65,13.15,12.21,15.52,
97,100,32,138,208,154,298,131,119,125,19.11,14.10,12.75,12.97,14.43,13.13,14.72,
105,100,32,156,214,158,256,133,118,121,21.09,18.54,12.26,18.21,11.72,12.50,15.25,
113,100,32,180,239,170,214,133,113,120,21.39,15.54,12.94,21.10,12.52,10.39,14.93,
121,100,32,213,259,173,186,136,121,128,21.99,14.33,14.81,19.43,12.41,11.89,12.60,