1,0,0,215,390,822,988,998,1015,254,164.91,130.91,35.70,12.37,23.05,15.18,40.99,
9,0,0,140,320,754,1001,1009,1000,214,11.47,11.76,10.85,8.80,19.08,22.22,21.36,
17,0,0,135,299,707,1007,1001,986,206,9.25,11.60,7.61,16.07,17.90,19.30,16.61,
25,0,0,131,282,661,1005,1006,985,194,11.62,12.29,10.54,7.15,15.25,18.84,20.04,
33,0,0,121,268,608,1010,995,984,178,20.06,20.73,19.32,11.69,22.76,12.04,16.54,
41,0,0,110,245,563,1015,982,954,153,13.04,11.24,11.26,8.66,19.56,6.72,13.91,
49,0,0,98,233,517,1013,1002,494,155,16.43,10.98,8.84,6.98,9.49,88.49,13.71,
57,0,0,91,213,464,1014,773,375,134,22.25,9.59,8.11,8.05,51.20,33.12,11.37,
65,0,0,82,199,429,1015,612,294,128,17.70,9.64,10.85,6.58,54.37,10.88,10.87,
73,0,0,75,185,387,1013,482,241,116,19.89,11.06,10.99,5.30,12.72,13.22,11.09,
81,0,0,73,167,343,1014,417,210,114,17.47,9.75,9.21,4.86,15.77,5.74,13.28,
89,0,0,68,154,298,1014,373,188,109,17.50,12.75,7.29,4.35,12.09,7.69,13.19,
97,0,0,60,140,256,1012,300,165,108,19.84,13.59,13.35,3.12,10.83,6.19,11.56,
105,0,0,58,126,209,1005,251,149,113,19.67,12.32,10.74,6.33,12.30,10.02,14.30,
113,0,0,63,112,168,929,211,132,101,15.33,14.62,15.41,10.13,7.19,7.63,18.06,
121,0,0,62,91,111,464,138,112,97,12.30,13.88,9.90,62.84,20.20,14.65,16.87,
1,0,8,207,383,817,1004,1002,997,229,148.36,118.41,30.25,16.08,21.48,22.03,44.12,
9,0,8,139,316,756,1007,997,996,193,11.66,10.91,10.07,13.24,21.25,21.03,15.78,
17,0,8,134,302,710,1009,996,993,185,11.19,12.66,12.78,12.33,21.96,19.35,12.60,
25,0,8,127,283,662,1006,993,985,179,11.35,10.61,10.53,11.82,22.25,17.80,13.20,
33,0,8,119,267,613,1009,981,981,166,11.74,11.81,8.44,10.89,21.54,9.99,13.33,
41,0,8,105,248,565,1013,980,954,157,13.49,12.14,10.90,8.55,19.92,6.57,14.52,
49,0,8,97,231,518,1011,1004,488,154,16.83,11.10,11.13,7.78,11.21,78.19,11.10,
57,0,8,87,213,466,1013,766,373,141,17.08,10.82,7.65,7.68,45.56,28.89,12.61,
65,0,8,78,201,425,1014,605,294,125,18.65,11.27,9.08,5.87,47.92,11.57,9.20,
73,0,8,74,186,391,1012,480,242,114,19.07,11.10,11.46,5.47,11.56,10.09,10.75,
81,0,8,71,170,346,1014,418,209,107,18.51,11.86,10.94,5.81,13.13,5.65,9.98,
89,0,8,66,154,299,1013,379,189,112,18.87,11.64,8.37,4.22,9.69,7.95,15.67,
97,0,8,64,141,250,1013,302,165,113,18.21,14.05,8.23,3.23,13.24,7.45,13.72,
105,0,8,60,126,213,1007,248,147,102,18.30,14.21,14.11,4.88,9.49,8.83,11.73,
113,0,8,62,110,162,934,222,134,109,15.27,14.29,8.49,9.77,9.50,9.30,18.17,
121,0,8,63,92,108,464,137,112,99,11.14,14.11,7.72,61.52,15.87,20.33,12.01,
1,0,16,199,380,816,1002,999,998,224,133.71,108.91,29.37,16.23,19.98,21.30,46.62,
9,0,16,140,319,756,1007,998,994,196,11.89,10.29,9.94,13.74,20.44,20.72,13.88,
17,0,16,133,299,709,1006,994,992,187,11.68,10.26,10.99,13.05,21.33,19.82,13.92,
25,0,16,127,284,665,1008,994,984,180,11.90,11.51,10.66,11.99,23.15,17.47,12.79,
33,0,16,118,268,617,1009,989,981,167,12.23,11.11,13.23,11.74,21.04,8.95,14.30,
41,0,16,108,250,567,1013,979,953,156,13.13,11.28,11.75,9.29,17.11,6.17,11.01,
49,0,16,96,233,520,1014,1003,480,155,17.00,11.77,10.40,8.04,10.07,70.09,12.63,
57,0,16,86,214,467,1010,758,370,137,18.28,10.67,7.12,7.73,42.04,25.65,12.71,
65,0,16,80,199,425,1012,599,295,131,18.80,9.69,9.10,6.92,43.70,11.98,13.16,
73,0,16,76,182,384,1013,481,241,119,18.32,10.00,8.24,6.17,12.26,10.74,11.62,
81,0,16,71,170,345,1014,423,208,121,17.70,11.36,9.08,4.88,12.39,5.98,13.39,
89,0,16,64,155,304,1015,377,189,108,19.99,12.53,11.34,4.51,9.68,6.96,9.91,
97,0,16,61,142,257,1012,298,162,102,19.52,14.60,12.49,3.15,10.91,7.58,12.18,
105,0,16,60,126,214,1008,249,145,111,19.06,12.83,11.84,3.66,8.86,8.04,13.69,
113,0,16,59,111,159,940,219,135,112,14.94,13.33,8.09,9.21,6.54,9.62,20.04,
121,0,16,63,94,111,465,133,105,104,10.20,16.30,8.74,61.42,15.47,13.02,13.08,
1,0,24,191,373,812,1000,998,996,227,114.61,98.98,25.20,15.20,23.07,19.67,43.29,
9,0,24,138,316,759,1007,996,995,196,10.39,10.45,10.10,13.34,21.25,19.61,14.85,
17,0,24,132,301,708,1002,996,994,188,11.08,11.90,10.01,13.72,21.02,20.14,11.99,
25,0,24,125,285,664,1006,997,985,174,11.66,12.07,7.96,13.30,20.02,17.64,13.72,
33,0,24,117,265,613,1009,989,979,168,11.29,10.21,9.46,11.23,21.70,10.74,12.33,
41,0,24,104,249,564,1012,982,952,156,13.07,10.91,8.90,9.40,21.05,5.90,10.99,
49,0,24,96,233,521,1012,1001,476,155,16.79,10.20,11.90,8.56,10.61,65.14,11.77,
57,0,24,86,213,470,1013,751,371,133,17.99,10.87,10.81,8.14,39.54,25.80,11.28,
65,0,24,80,199,432,1015,590,295,125,17.82,9.91,9.65,7.13,40.29,11.50,10.48,
73,0,24,74,185,390,1013,474,241,115,19.29,10.60,9.65,6.00,9.42,10.80,10.92,
81,0,24,70,171,342,1016,420,208,112,18.89,10.95,6.65,5.38,10.31,5.45,11.26,
89,0,24,66,157,303,1014,379,189,103,18.25,13.38,9.45,4.42,8.13,8.07,12.22,
97,0,24,58,141,258,1013,300,164,108,19.23,14.14,12.73,4.11,10.92,6.66,10.13,
105,0,24,61,124,211,1010,260,149,113,17.93,13.10,9.44,2.81,12.27,9.29,13.18,
113,0,24,58,113,170,943,214,128,102,15.53,15.21,13.81,8.16,5.64,5.82,19.70,
121,0,24,62,92,111,471,136,110,100,10.69,15.21,10.37,60.11,18.65,14.31,11.40,
1,0,32,191,371,811,1003,999,996,223,115.32,83.55,19.61,14.95,21.91,21.87,37.49,
9,0,32,136,318,761,1004,996,996,199,9.96,10.25,11.45,14.63,19.77,20.92,15.31,
17,0,32,129,301,712,1005,996,993,189,11.57,10.72,10.95,12.75,20.25,20.42,14.39,
25,0,32,126,285,666,1006,993,988,175,11.48,10.95,11.06,12.86,21.75,16.63,14.12,
33,0,32,116,268,618,1007,991,980,165,11.04,11.59,11.33,11.17,21.78,10.05,13.17,
41,0,32,107,250,570,1011,985,952,154,12.19,11.20,12.06,9.52,21.82,6.08,12.23,
49,0,32,94,235,522,1009,1004,471,149,16.35,11.95,10.27,8.67,11.38,61.47,11.58,
57,0,32,83,212,469,1012,745,372,141,17.20,9.94,7.35,7.73,39.76,25.57,12.04,
65,0,32,79,199,427,1012,583,294,128,18.32,10.55,6.06,7.53,40.94,12.29,13.13,
73,0,32,73,186,386,1014,480,241,122,18.96,9.60,8.05,6.42,17.41,11.97,13.35,
81,0,32,70,172,348,1013,423,208,114,18.49,11.11,11.69,6.84,9.26,5.90,10.38,
89,0,32,64,157,300,1012,381,188,112,18.25,11.76,7.32,4.89,7.20,7.89,11.02,
97,0,32,62,139,257,1012,301,163,123,19.17,12.57,8.73,3.36,12.08,7.61,15.38,
105,0,32,56,130,214,1010,248,142,107,18.94,15.62,13.60,3.37,8.06,6.86,11.19,
113,0,32,61,108,164,946,214,138,109,14.94,11.65,9.77,7.92,8.07,11.07,19.33,
121,0,32,63,93,115,476,132,102,87,11.47,15.42,12.41,59.55,14.97,8.20,11.30,
1,25,0,209,387,826,1005,997,996,225,159.07,130.67,35.68,15.26,22.56,21.17,45.51,
9,25,0,138,318,757,1003,993,996,194,12.52,11.84,9.60,13.30,20.78,21.54,14.88,
17,25,0,132,298,712,1007,995,988,184,12.55,10.64,10.74,14.00,19.51,20.08,13.86,
25,25,0,125,287,665,1008,989,987,174,11.77,12.52,11.10,13.56,20.80,18.21,12.50,
33,25,0,118,267,614,1010,989,983,156,11.61,11.37,8.83,12.05,21.32,11.36,14.02,
41,25,0,106,247,565,1014,987,954,151,13.90,11.07,11.17,8.74,22.42,8.96,13.22,
49,25,0,97,233,521,1010,1003,490,149,17.69,12.34,11.71,7.86,10.27,87.94,10.45,
57,25,0,85,212,468,1012,761,378,136,18.87,10.24,10.65,7.67,55.74,35.86,13.96,
65,25,0,79,198,426,1012,599,293,128,18.63,11.09,9.27,6.73,57.06,13.75,11.36,
73,25,0,77,184,384,1014,474,241,120,19.09,9.66,9.96,5.57,10.02,13.03,12.85,
81,25,0,70,169,347,1016,410,209,109,17.74,10.95,12.42,6.15,16.23,5.33,10.31,
89,25,0,68,156,300,1013,368,189,113,18.68,12.76,8.19,3.94,15.74,8.99,12.04,
97,25,0,61,138,258,1012,306,163,100,19.63,13.61,13.50,3.72,10.99,6.73,13.48,
105,25,0,60,125,210,1006,242,147,107,19.09,14.61,9.70,4.56,13.13,9.33,13.25,
113,25,0,61,112,162,942,211,137,108,15.05,14.39,8.82,10.15,9.95,9.52,19.60,
121,25,0,63,91,116,484,143,116,99,11.76,14.62,13.29,62.94,20.46,17.62,14.48,
1,25,8,196,385,825,998,999,997,251,121.87,105.95,26.02,16.39,21.84,19.98,36.11,
9,25,8,141,319,759,1005,1000,998,224,11.22,10.37,8.49,14.40,21.25,21.46,19.77,
17,25,8,133,305,714,1006,996,991,203,12.27,11.84,10.76,12.57,20.41,20.26,16.42,
25,25,8,128,288,668,1006,996,989,188,11.53,11.29,10.35,13.14,21.18,17.86,15.63,
33,25,8,120,269,624,1007,987,983,181,11.52,11.98,13.97,11.90,21.52,11.81,15.47,
41,25,8,108,251,571,1013,987,961,164,12.43,11.54,12.81,10.38,19.93,6.68,14.27,
49,25,8,98,238,524,1011,1002,492,161,18.11,11.83,11.39,7.99,11.99,77.79,13.17,
57,25,8,86,213,473,1012,760,376,148,16.86,10.27,10.05,8.60,49.64,31.21,13.64,
65,25,8,82,202,433,1015,601,298,130,18.09,10.79,10.54,6.39,49.31,11.73,11.54,
73,25,8,78,191,395,1013,477,248,123,17.65,11.75,11.34,6.11,10.99,11.91,10.21,
81,25,8,74,175,351,1012,417,213,119,17.67,11.07,8.72,5.71,13.50,5.67,13.71,
89,25,8,67,159,313,1012,375,191,108,17.32,9.93,12.60,4.99,12.65,6.57,11.17,
97,25,8,64,147,267,1013,307,168,106,18.39,11.03,12.15,4.96,11.26,6.47,13.22,
105,25,8,62,134,219,1006,255,150,117,17.58,11.84,9.93,4.90,13.98,10.13,14.33,
113,25,8,62,122,172,946,209,135,109,16.74,12.13,10.61,9.41,9.09,7.99,17.32,
121,25,8,61,104,128,490,139,111,101,13.94,15.75,11.63,60.57,17.13,12.62,12.86,
1,25,16,205,399,832,1007,1000,995,255,128.86,94.99,24.85,14.33,22.87,20.02,39.95,
9,25,16,145,338,771,1005,1000,995,221,10.65,12.51,12.58,15.55,20.80,18.13,18.26,
17,25,16,138,317,727,1004,998,986,210,11.03,12.26,12.47,13.55,19.81,21.56,17.70,
25,25,16,127,301,683,1006,995,985,193,10.44,12.10,13.05,15.67,22.18,17.57,13.69,
33,25,16,120,284,631,1008,990,979,177,11.57,11.57,12.16,12.49,23.78,14.11,16.02,
41,25,16,109,263,590,1010,983,958,164,12.82,12.13,12.31,9.67,22.92,9.04,12.43,
49,25,16,99,246,539,1007,995,497,167,14.10,11.48,11.95,10.61,16.26,68.87,14.02,
57,25,16,87,223,492,1013,773,377,143,15.45,10.06,11.20,8.49,44.83,31.10,13.24,
65,25,16,86,210,449,1011,598,299,133,16.28,10.89,12.10,8.71,46.78,13.53,11.82,
73,25,16,82,202,410,1013,482,250,135,13.76,10.86,10.63,7.19,13.98,7.85,15.86,
81,25,16,84,188,369,1011,426,215,127,12.38,10.58,10.01,8.47,11.57,6.05,13.17,
89,25,16,73,181,339,1014,378,190,111,15.12,10.73,11.45,7.65,12.37,7.93,12.24,
97,25,16,69,170,292,1010,315,168,116,17.26,11.92,9.11,7.68,14.22,7.21,12.46,
105,25,16,64,162,251,1011,252,145,110,15.92,12.79,12.15,5.66,12.82,8.04,12.01,
113,25,16,65,142,219,960,220,142,122,17.29,8.59,13.15,13.70,14.06,13.16,16.06,
121,25,16,63,138,174,508,150,107,91,20.32,17.27,19.59,56.08,15.38,8.37,10.25,
1,25,24,202,415,844,1004,998,996,261,111.44,89.73,20.39,15.63,22.41,21.46,42.61,
9,25,24,146,354,791,1005,999,997,233,11.05,11.49,15.50,14.33,20.74,21.09,25.89,
17,25,24,139,332,740,1004,994,990,213,10.15,12.70,12.98,14.87,22.53,19.96,21.44,
25,25,24,130,311,699,1007,994,985,193,10.88,9.18,12.84,13.58,23.41,20.23,20.48,
33,25,24,122,287,648,1007,990,986,187,11.83,9.75,13.88,13.89,22.16,14.82,18.20,
41,25,24,116,271,607,1011,981,961,170,11.05,10.64,14.18,11.72,21.35,12.20,17.22,
49,25,24,99,260,560,1010,997,514,162,14.48,14.00,13.48,10.28,17.98,62.38,17.10,
57,25,24,94,239,509,1010,857,378,152,13.04,10.84,13.66,9.84,32.70,29.22,15.75,
65,25,24,85,217,473,1012,595,303,136,14.31,7.62,12.12,9.00,47.92,11.14,12.35,
73,25,24,83,216,438,1013,480,250,129,13.19,11.40,11.79,8.39,11.88,10.72,11.81,
81,25,24,80,201,403,1012,431,216,131,14.93,7.29,9.79,9.15,12.60,7.02,15.99,
89,25,24,77,193,370,1008,386,192,110,13.78,6.73,13.34,8.04,13.23,7.08,13.34,
97,25,24,71,189,325,1012,323,169,115,14.01,9.68,11.18,8.21,12.22,8.68,11.96,
105,25,24,77,189,294,1010,264,155,115,16.43,12.24,11.99,5.62,15.49,12.15,13.95,
113,25,24,79,173,262,967,226,141,121,14.53,7.36,18.11,16.05,14.82,11.55,16.34,
121,25,24,77,158,209,521,166,112,101,18.76,5.91,12.09,55.31,15.00,11.08,10.81,
1,25,32,206,424,853,1005,992,997,267,98.02,67.40,15.72,13.52,23.59,20.85,48.92,
9,25,32,148,369,799,1003,987,997,232,8.67,10.84,13.93,16.41,19.83,21.25,24.29,
17,25,32,143,340,757,1005,998,991,226,8.58,11.58,15.93,15.79,19.46,22.61,25.31,
25,25,32,137,324,722,1006,998,984,205,9.28,11.31,17.29,14.35,16.07,18.18,26.32,
33,25,32,126,312,665,1002,988,980,190,10.64,12.93,14.32,11.25,27.90,18.85,18.36,
41,25,32,114,281,627,1009,970,959,182,10.51,9.48,13.23,11.33,22.15,14.18,20.51,
49,25,32,104,270,584,1009,990,537,168,12.41,11.58,12.16,12.06,17.74,56.92,20.59,
57,25,32,96,245,534,1005,959,387,160,11.95,8.58,12.10,9.98,20.37,31.00,17.38,
65,25,32,90,231,501,1012,595,306,145,12.54,7.84,11.69,9.42,40.39,11.63,17.19,
73,25,32,87,226,461,1015,485,254,128,12.70,9.55,11.87,9.44,16.18,9.42,15.58,
81,25,32,84,214,424,1012,435,215,127,12.02,7.88,10.10,9.95,15.12,6.53,12.24,
89,25,32,84,213,389,1013,404,192,124,13.58,9.16,12.11,9.96,16.75,7.50,15.29,
97,25,32,81,203,357,1015,328,171,124,13.67,7.95,10.76,5.84,13.84,11.39,12.94,
105,25,32,83,198,338,1015,281,151,111,15.03,7.89,15.42,5.41,16.66,12.25,11.41,
113,25,32,97,208,306,978,245,138,112,16.75,6.99,13.21,15.57,21.82,13.82,14.77,
121,25,32,89,195,253,543,185,132,107,18.40,7.85,11.90,53.11,14.21,13.64,12.14,
1,50,0,210,392,829,1005,998,995,242,152.14,128.64,33.12,14.59,21.27,22.81,27.69,
9,50,0,148,330,765,1007,997,996,206,21.13,22.37,16.33,12.99,20.42,20.56,13.25,
17,50,0,132,302,710,1007,995,994,180,11.98,12.45,7.59,13.77,21.10,21.15,14.12,
25,50,0,126,286,666,1009,988,988,163,10.98,12.37,10.19,12.44,23.05,16.26,15.20,
33,50,0,119,266,617,1010,989,983,159,12.38,11.98,11.89,11.47,23.54,10.56,13.51,
41,50,0,107,250,565,1014,985,953,158,13.91,11.96,8.67,9.24,21.35,9.78,14.33,
49,50,0,96,234,521,1011,1000,487,146,16.20,11.66,10.21,8.09,11.34,90.00,10.00,
57,50,0,88,212,468,1013,751,377,133,18.49,10.88,9.17,6.65,61.78,41.03,11.36,
65,50,0,81,196,422,1014,594,292,128,19.39,10.90,9.89,6.66,59.23,15.75,11.16,
73,50,0,76,182,379,1015,473,242,116,19.29,9.56,8.12,6.51,12.08,11.85,12.59,
81,50,0,72,166,338,1012,408,208,113,19.21,10.03,7.42,5.64,15.81,6.71,11.84,
89,50,0,65,154,302,1013,366,186,104,19.15,12.29,11.33,4.69,14.88,6.31,13.58,
97,50,0,62,140,257,1015,313,164,102,18.34,12.88,12.10,3.69,10.35,6.63,12.54,
105,50,0,61,126,217,1005,243,142,104,19.56,14.67,14.81,4.14,15.73,6.98,13.69,
113,50,0,62,113,168,944,204,128,104,15.01,14.86,11.71,13.58,13.27,6.11,16.69,
121,50,0,62,98,122,498,153,113,101,12.38,15.71,13.68,61.86,14.00,13.05,13.02,
1,50,8,197,388,827,998,996,998,249,120.94,103.67,25.36,17.89,22.57,18.87,40.48,
9,50,8,143,325,765,1005,996,994,220,12.83,11.79,10.70,13.90,21.99,21.75,17.50,
17,50,8,136,308,713,1006,996,992,198,11.22,10.38,8.29,14.05,21.65,20.52,16.47,
25,50,8,128,289,672,1007,992,984,186,11.55,11.99,12.55,13.75,21.31,18.51,15.61,
33,50,8,122,273,622,1007,985,985,178,10.26,11.99,10.72,13.49,22.20,11.17,16.84,
41,50,8,110,258,571,1015,988,961,168,12.90,12.18,11.95,9.10,19.48,6.36,15.75,
49,50,8,97,239,522,1012,999,490,155,16.44,12.02,11.62,8.21,11.22,79.26,13.26,
57,50,8,89,218,468,1011,756,378,148,17.84,9.56,7.79,8.03,54.05,35.78,11.32,
65,50,8,80,201,427,1014,597,295,134,16.95,9.73,10.24,6.71,51.40,14.62,12.70,
73,50,8,78,187,384,1011,474,247,130,18.08,8.88,8.12,6.97,11.36,10.14,13.06,
81,50,8,73,178,345,1013,414,210,114,16.46,9.93,10.64,6.57,14.35,6.71,11.44,
89,50,8,69,164,304,1014,372,188,118,15.89,8.96,9.95,6.35,14.46,6.92,13.97,
97,50,8,63,154,256,1015,315,169,119,15.63,12.12,9.22,4.66,10.41,9.20,13.94,
105,50,8,66,144,215,1010,259,148,113,13.86,12.16,9.79,4.70,13.56,9.93,15.52,
113,50,8,64,136,172,954,206,132,115,16.81,13.62,9.84,10.55,11.04,8.32,14.10,
121,50,8,66,113,127,511,157,109,96,17.00,10.67,15.10,58.13,15.80,8.94,9.14,
1,50,16,212,415,825,999,1000,997,255,128.95,91.38,22.86,15.69,21.47,21.67,41.83,
9,50,16,147,351,770,1007,996,993,222,9.74,9.00,11.86,15.31,21.24,21.45,18.27,
17,50,16,140,329,720,1007,997,994,210,11.11,9.33,10.91,13.14,20.35,20.09,18.99,
25,50,16,133,315,673,1008,994,988,190,10.66,12.29,11.77,13.89,22.55,17.36,16.15,
33,50,16,125,294,626,1007,988,979,171,10.87,11.87,11.42,12.74,21.95,13.92,17.79,
41,50,16,116,275,573,1011,987,961,170,12.36,10.67,11.55,11.35,22.46,10.75,15.56,
49,50,16,103,260,526,1011,997,503,165,15.29,12.28,10.59,8.59,17.46,72.73,14.61,
57,50,16,94,240,472,1012,774,377,153,15.73,9.28,10.95,9.13,51.38,32.70,12.38,
65,50,16,89,227,429,1013,596,297,135,14.39,12.13,9.17,8.78,50.31,13.53,10.92,
73,50,16,83,213,395,1011,475,250,123,14.07,10.28,10.65,7.75,12.35,10.81,12.61,
81,50,16,80,205,355,1013,418,214,121,16.13,9.68,10.92,6.99,11.59,6.67,11.31,
89,50,16,80,192,318,1014,379,190,118,13.54,7.01,12.05,6.82,12.15,7.32,12.83,
97,50,16,80,191,275,1013,321,167,109,11.59,11.54,11.31,5.58,10.71,8.36,12.52,
105,50,16,80,177,243,1013,251,145,109,15.13,8.68,14.23,6.20,14.23,8.30,11.92,
113,50,16,87,173,195,964,212,139,115,16.10,9.23,12.28,15.03,12.74,14.11,15.79,
121,50,16,88,162,149,534,172,109,99,19.04,6.71,12.95,53.57,12.58,9.10,11.18,
1,50,24,216,450,835,1001,1000,997,259,110.09,84.29,27.15,14.94,21.73,22.39,45.15,
9,50,24,156,379,776,1004,993,989,232,11.61,10.61,16.08,13.66,21.63,22.30,23.74,
17,50,24,147,351,724,1007,1002,993,207,10.48,9.78,10.18,16.54,20.85,21.59,25.10,
25,50,24,139,340,680,1003,989,983,202,12.37,11.84,13.29,14.44,21.58,19.70,24.35,
33,50,24,129,316,631,1002,992,983,182,11.00,12.38,12.84,12.71,21.99,11.81,19.66,
41,50,24,121,298,585,1007,983,959,177,11.05,12.13,14.89,10.80,19.81,15.61,17.37,
49,50,24,105,281,539,1012,991,532,157,14.31,11.20,13.80,9.84,19.26,67.23,15.67,
57,50,24,99,256,482,1013,873,383,157,14.66,9.61,12.93,8.20,41.94,36.07,14.08,
65,50,24,90,249,442,1011,596,304,132,13.30,10.50,11.93,9.13,47.77,12.53,14.64,
73,50,24,92,233,401,1014,477,253,126,13.91,8.18,11.81,9.03,15.25,10.71,15.46,
81,50,24,92,230,368,1010,426,214,122,14.30,9.36,12.52,8.30,14.79,8.82,11.99,
89,50,24,93,227,333,1012,389,189,111,13.60,6.74,10.29,8.51,13.31,6.70,13.28,
97,50,24,96,228,291,1014,328,169,110,12.71,9.31,12.47,8.10,12.76,8.20,11.03,
105,50,24,100,225,258,1013,263,151,106,12.83,9.11,13.35,7.58,14.32,10.39,13.52,
113,50,24,116,226,221,974,226,140,117,15.33,11.68,12.19,17.11,17.47,14.92,13.43,
121,50,24,120,232,180,560,185,115,100,17.85,12.43,15.13,52.48,20.31,13.43,13.52,
1,50,32,229,473,835,996,988,995,269,93.91,63.90,23.79,16.82,23.58,22.55,44.12,
9,50,32,165,410,787,1004,989,993,242,9.46,12.00,20.64,15.61,19.94,23.49,28.86,
17,50,32,163,387,741,1007,998,995,221,12.69,9.77,17.52,14.79,24.52,22.64,28.54,
25,50,32,146,358,691,1008,997,988,196,10.91,10.05,18.89,16.01,22.20,18.09,23.92,
33,50,32,132,336,636,1001,983,974,192,10.28,13.26,16.99,14.49,23.96,15.09,23.19,
41,50,32,126,306,591,1008,979,962,173,12.72,12.33,17.57,14.09,22.98,17.30,17.19,
49,50,32,110,301,546,1014,999,567,173,13.67,11.56,15.62,10.80,21.94,61.95,22.25,
57,50,32,102,279,495,1012,1007,390,158,10.01,10.50,15.20,12.20,16.60,35.40,18.50,
65,50,32,101,257,456,1012,599,311,148,10.30,9.50,14.82,9.33,48.53,13.88,14.50,
73,50,32,96,251,414,1013,482,256,129,9.46,7.97,11.67,10.50,16.04,9.88,15.86,
81,50,32,99,252,379,1016,438,217,126,10.49,9.28,11.64,8.56,19.34,8.18,13.04,
89,50,32,103,259,347,1012,396,193,113,14.21,10.73,11.88,7.72,17.11,7.04,13.80,
97,50,32,111,259,308,1015,337,174,120,12.48,9.20,12.30,8.44,14.43,11.68,13.04,
105,50,32,121,262,275,1010,275,153,113,12.40,8.56,13.59,8.10,17.40,12.86,14.56,
113,50,32,135,285,243,986,239,135,117,12.29,12.55,12.57,21.24,18.85,14.69,12.38,
121,50,32,158,286,203,602,207,127,107,15.69,9.00,13.06,53.56,24.03,15.01,15.81,
1,75,0,208,392,830,1005,1000,994,247,156.35,129.30,31.13,15.47,21.82,22.14,36.07,
9,75,0,138,321,761,1005,996,997,215,11.23,12.29,11.43,13.81,21.11,20.91,20.87,
17,75,0,134,305,714,1005,993,991,201,13.22,11.54,10.47,14.33,20.82,19.45,18.62,
25,75,0,127,287,667,1006,993,987,184,11.48,9.81,10.12,13.40,20.79,18.71,19.90,
33,75,0,117,268,618,1008,987,983,175,11.33,12.81,12.06,12.07,20.71,11.33,17.12,
41,75,0,109,249,568,1012,984,957,157,13.59,12.14,7.59,10.17,21.20,8.73,16.08,
49,75,0,98,236,521,1009,1001,488,151,15.93,12.69,11.80,8.56,9.99,91.08,11.08,
57,75,0,86,214,466,1012,748,375,139,18.76,11.10,8.23,7.43,65.22,45.33,11.98,
65,75,0,82,196,425,1013,588,287,128,18.35,10.40,9.37,6.96,60.99,18.10,11.85,
73,75,0,73,183,384,1013,464,242,113,19.58,11.07,10.64,6.21,11.94,12.83,9.93,
81,75,0,73,170,343,1014,401,206,108,18.54,11.28,9.97,5.89,16.13,8.69,11.09,
89,75,0,66,155,303,1013,362,185,104,19.12,11.23,10.75,6.06,16.13,6.46,12.88,
97,75,0,64,139,259,1013,320,166,103,18.45,13.23,12.11,4.31,8.39,6.50,12.30,
105,75,0,60,125,215,1005,245,145,101,19.12,14.71,15.77,3.66,14.03,7.19,12.63,
113,75,0,62,111,163,948,193,135,106,16.06,14.57,9.06,11.94,17.46,13.85,16.55,
121,75,0,64,100,127,538,157,112,109,14.07,16.89,15.91,53.05,9.86,7.54,12.53,
1,75,8,204,386,830,997,992,993,248,132.59,94.58,26.31,16.78,21.84,20.37,42.76,
9,75,8,141,329,767,999,995,1001,224,11.24,12.39,12.03,15.53,16.94,19.64,17.17,
17,75,8,133,309,718,1008,991,988,201,10.49,11.17,12.48,12.37,20.64,20.68,15.72,
25,75,8,129,291,671,1008,992,981,183,11.37,9.54,11.80,12.69,21.72,19.77,17.24,
33,75,8,121,274,624,1006,988,982,176,10.94,11.58,10.98,12.73,21.36,12.35,15.43,
41,75,8,114,256,577,1013,983,965,162,13.17,12.58,11.37,9.90,21.53,6.82,16.73,
49,75,8,101,238,525,1010,1001,492,158,17.77,10.53,10.05,7.70,13.33,80.62,10.89,
57,75,8,89,222,470,1012,752,374,147,18.32,11.75,10.12,7.01,58.15,40.11,14.16,
65,75,8,89,203,426,1011,591,292,144,16.77,9.33,7.00,8.43,56.67,16.61,15.21,
73,75,8,84,191,385,1013,472,248,126,16.27,7.75,9.00,6.86,11.63,9.70,13.36,
81,75,8,76,182,348,1013,412,212,123,15.77,8.62,8.30,6.07,15.40,7.19,13.16,
89,75,8,71,174,310,1014,367,190,109,15.57,11.80,10.13,6.44,14.16,7.08,11.01,
97,75,8,71,158,268,1013,320,164,101,15.59,10.31,12.29,5.17,9.85,7.82,13.91,
105,75,8,66,149,223,1011,250,145,101,16.35,14.50,13.12,4.05,12.59,7.80,12.94,
113,75,8,68,133,177,959,207,134,116,18.77,8.58,9.44,8.60,11.42,13.92,13.08,
121,75,8,64,127,136,540,161,110,104,18.13,12.62,17.59,51.85,9.58,6.61,10.84,
1,75,16,215,416,838,1001,997,998,253,128.23,92.45,25.15,15.74,23.74,20.29,49.23,
9,75,16,150,353,784,1006,997,993,221,10.69,8.76,15.87,14.36,20.16,22.03,19.14,
17,75,16,146,332,727,1004,996,995,205,11.37,11.51,13.66,14.48,20.59,21.42,16.30,
25,75,16,137,315,685,1004,995,989,192,10.09,9.83,14.44,15.72,20.91,18.98,17.27,
33,75,16,126,294,637,1009,989,983,187,10.97,12.25,12.38,12.86,21.64,14.09,15.79,
41,75,16,119,284,591,1013,984,961,163,9.83,11.17,13.10,10.65,22.69,11.36,17.01,
49,75,16,107,263,541,1011,994,511,160,12.57,11.24,12.54,10.17,18.65,74.18,15.94,
57,75,16,94,246,491,1013,775,377,151,13.98,11.14,9.89,8.55,54.97,40.08,12.82,
65,75,16,93,230,444,1013,592,295,130,14.34,11.21,10.93,9.53,51.68,14.86,14.05,
73,75,16,91,213,412,1014,472,253,123,13.12,8.09,14.43,6.94,13.19,11.24,10.15,
81,75,16,88,209,367,1014,413,213,118,15.41,8.09,11.03,6.84,12.93,8.16,12.59,
89,75,16,89,209,331,1013,377,191,104,12.61,10.91,12.29,8.24,12.51,7.87,13.32,
97,75,16,92,191,287,1011,330,169,106,15.46,6.97,11.73,6.69,9.39,8.31,12.89,
105,75,16,95,198,245,1012,258,146,111,15.58,13.91,12.10,8.31,12.60,7.72,12.69,
113,75,16,101,190,212,970,213,124,109,13.24,8.83,11.54,13.33,12.72,7.04,14.07,
121,75,16,114,202,176,565,167,113,110,15.50,14.33,15.72,48.00,14.76,10.60,14.01,
1,75,24,223,448,850,1006,997,997,259,112.26,86.73,26.02,16.75,22.94,22.49,44.67,
9,75,24,159,382,794,1004,996,994,226,12.37,10.81,14.65,12.79,21.34,22.42,23.43,
17,75,24,154,361,748,1005,997,994,210,12.34,10.47,17.18,15.74,20.96,21.72,19.83,
25,75,24,141,345,706,1004,994,989,191,11.62,11.26,13.31,13.42,22.18,17.99,19.82,
33,75,24,137,325,657,1004,993,980,183,11.90,11.45,16.43,15.21,23.43,15.12,15.43,
41,75,24,128,309,608,1009,983,961,170,10.70,13.81,15.02,10.57,23.22,16.78,17.89,
49,75,24,114,292,557,1011,990,544,169,13.90,12.59,13.07,10.38,22.35,67.29,15.29,
57,75,24,106,273,513,1009,893,383,151,13.12,11.69,14.86,10.55,41.95,39.67,14.62,
65,75,24,100,254,467,1010,596,301,144,13.08,10.43,13.98,10.59,50.71,14.26,15.17,
73,75,24,101,242,429,1015,475,257,126,12.01,7.61,11.98,9.16,14.50,8.85,13.50,
81,75,24,102,239,393,1008,415,217,125,13.90,9.33,12.92,9.93,15.47,7.16,13.71,
89,75,24,102,241,357,1012,380,194,121,11.42,12.14,13.01,7.29,14.45,8.34,12.21,
97,75,24,111,249,317,1012,337,172,112,13.92,11.99,11.99,8.24,14.83,9.20,11.58,
105,75,24,120,247,277,1014,264,149,110,12.89,13.64,11.83,9.01,15.06,10.73,13.30,
113,75,24,140,251,241,980,220,134,121,14.70,11.28,10.17,18.41,14.92,12.32,16.13,
121,75,24,163,265,212,589,181,117,118,16.62,12.86,12.82,47.24,22.35,14.46,12.18,
1,75,32,234,473,858,992,999,1001,270,87.53,62.82,22.75,16.87,22.06,22.43,46.12,
9,75,32,180,411,812,1003,998,999,236,11.02,12.79,20.54,15.60,21.98,23.53,28.04,
17,75,32,170,388,764,1002,995,993,215,12.67,12.26,18.57,16.01,22.78,21.59,25.05,
25,75,32,162,366,723,1007,996,986,201,11.18,13.06,18.26,15.50,21.08,20.90,22.75,
33,75,32,147,345,669,1007,989,983,193,12.46,12.79,17.40,14.78,24.82,15.88,19.48,
41,75,32,138,328,632,1007,986,969,177,10.61,11.64,18.42,13.73,23.46,19.95,16.84,
49,75,32,121,311,590,1011,986,592,172,13.89,9.82,16.28,11.39,22.70,58.92,17.26,
57,75,32,116,289,536,1010,1010,396,155,13.99,8.85,17.07,11.29,13.50,40.97,14.52,
65,75,32,115,274,485,1013,602,308,147,12.34,10.25,13.97,11.15,45.10,13.57,15.93,
73,75,32,113,272,447,1009,481,262,131,10.77,11.92,14.07,10.54,19.06,9.59,16.95,
81,75,32,118,259,411,1014,434,217,128,12.49,8.55,12.70,9.97,18.07,8.52,14.50,
89,75,32,124,266,380,1013,394,196,118,11.66,8.24,12.69,9.65,19.59,9.18,14.45,
97,75,32,138,279,344,1014,342,179,126,14.64,9.46,12.78,9.54,19.51,11.47,13.09,
105,75,32,147,281,305,1015,277,155,126,13.48,11.26,11.28,8.83,16.43,13.40,15.62,
113,75,32,175,319,280,987,234,150,126,14.44,13.65,11.25,22.95,19.05,15.44,14.14,
121,75,32,204,321,249,618,207,125,112,16.52,11.88,11.76,48.97,23.83,17.34,14.25,
1,100,0,207,391,830,1003,997,996,252,151.86,125.50,30.29,15.54,22.37,21.43,44.97,
9,100,0,137,321,762,1004,995,992,220,11.42,10.23,9.12,13.64,20.85,21.63,20.28,
17,100,0,133,301,712,1004,993,991,204,11.81,10.06,8.78,13.84,19.82,20.69,16.42,
25,100,0,127,287,669,1006,992,987,190,12.08,10.13,12.61,12.78,21.82,18.24,18.04,
33,100,0,118,269,619,1008,989,982,175,11.77,11.92,7.77,12.90,21.28,11.63,16.68,
41,100,0,109,252,572,1013,983,960,161,13.58,12.56,12.16,9.96,19.93,7.84,15.65,
49,100,0,100,234,521,1009,999,498,160,15.92,10.98,10.21,7.95,11.57,90.67,14.55,
57,100,0,90,214,469,1012,752,377,148,18.69,11.17,11.11,7.69,66.13,46.51,11.17,
65,100,0,82,197,426,1013,587,289,129,18.92,11.59,11.10,7.18,61.60,17.22,13.47,
73,100,0,73,182,382,1012,465,247,128,18.41,10.54,9.17,6.29,9.84,9.71,12.87,
81,100,0,70,168,343,1013,399,210,115,19.35,10.70,9.23,5.50,16.17,7.29,11.03,
89,100,0,65,154,297,1012,362,189,116,18.42,10.89,7.12,5.65,16.20,6.00,11.90,
97,100,0,59,142,257,1014,322,172,107,19.98,13.82,11.68,4.19,8.92,9.30,14.18,
105,100,0,59,125,214,1004,249,146,97,19.72,14.68,15.26,3.42,14.21,6.95,13.01,
113,100,0,61,113,169,949,191,127,105,16.75,15.66,11.77,12.14,18.46,7.40,15.30,
121,100,0,61,100,128,563,158,120,118,13.52,15.76,12.56,47.45,10.11,15.07,14.30,
1,100,8,212,394,830,1003,998,997,246,145.47,116.08,27.16,15.73,21.26,20.19,42.22,
9,100,8,146,323,768,1005,995,993,210,11.64,11.13,12.31,15.43,21.57,20.48,15.15,
17,100,8,136,306,714,1003,995,993,203,10.89,12.59,10.61,13.79,21.19,19.63,13.92,
25,100,8,132,288,669,1005,992,987,186,11.52,11.58,11.86,13.75,22.31,18.54,17.93,
33,100,8,122,272,624,1006,989,982,170,11.02,12.03,11.83,12.01,22.56,13.59,15.80,
41,100,8,113,257,576,1013,981,964,159,11.63,12.69,12.87,12.30,21.19,7.47,13.74,
49,100,8,99,237,525,1009,1001,494,156,15.84,10.78,11.00,7.71,14.35,81.11,13.90,
57,100,8,91,220,471,1013,750,375,141,16.66,11.22,10.25,7.64,61.01,42.31,13.25,
65,100,8,85,203,426,1015,582,289,136,16.84,11.41,10.64,8.07,57.10,17.62,13.26,
73,100,8,77,189,384,1013,465,248,124,16.65,11.02,9.15,7.00,8.91,11.14,12.37,
81,100,8,78,174,345,1014,404,212,111,15.09,9.80,8.68,6.56,14.92,5.97,10.50,
89,100,8,72,167,303,1014,364,191,116,16.79,13.30,7.89,5.14,14.52,7.27,13.85,
97,100,8,69,151,257,1013,327,169,118,16.99,11.88,7.68,4.55,8.41,6.95,16.09,
105,100,8,66,139,212,1009,248,149,111,16.29,11.38,7.31,3.94,12.57,11.36,13.18,
113,100,8,74,134,176,959,197,124,104,14.94,15.18,13.37,9.06,14.56,7.19,14.08,
121,100,8,77,118,132,560,159,112,108,14.24,16.05,13.35,49.22,9.64,7.82,14.39,
1,100,16,221,402,834,1000,999,999,251,125.62,93.26,22.28,16.62,21.11,21.74,41.26,
9,100,16,155,337,772,1004,1000,997,219,10.87,9.70,14.42,14.09,21.87,20.10,17.89,
17,100,16,148,322,727,1005,997,990,200,11.69,13.21,14.29,13.74,21.82,21.93,15.16,
25,100,16,138,303,682,1006,995,987,193,12.20,10.38,15.42,13.99,20.97,17.00,14.18,
33,100,16,129,285,632,1005,987,984,172,10.89,10.93,13.91,14.90,21.22,15.60,16.50,
41,100,16,121,271,584,1010,984,964,162,13.43,12.58,11.88,12.30,21.43,11.11,17.89,
49,100,16,109,252,534,1010,993,513,160,16.68,11.02,13.21,9.41,20.19,75.66,15.49,
57,100,16,98,234,477,1011,786,378,155,12.50,10.97,8.35,8.83,55.56,40.18,12.38,
65,100,16,92,216,435,1014,590,296,140,15.57,7.76,11.60,8.92,52.34,17.42,12.15,
73,100,16,91,205,393,1010,466,252,124,16.08,7.26,10.03,8.10,10.90,9.91,12.21,
81,100,16,90,201,356,1015,410,213,114,16.03,9.98,9.27,8.30,12.35,7.35,12.42,
89,100,16,89,193,320,1015,366,191,106,13.51,12.68,11.87,7.02,14.40,6.82,12.16,
97,100,16,97,181,276,1016,330,172,107,15.11,8.84,10.16,5.68,10.42,7.12,14.52,
105,100,16,102,173,233,1011,255,146,112,16.90,9.54,10.00,8.14,13.80,8.43,13.38,
113,100,16,114,172,194,971,206,129,107,16.82,7.07,11.36,14.24,12.36,7.08,12.90,
121,100,16,128,157,155,574,176,110,115,17.83,10.95,16.54,49.20,17.09,9.75,13.48,
1,100,24,238,423,841,1007,1002,997,255,104.77,89.57,25.90,15.78,23.89,22.88,36.36,
9,100,24,172,362,788,1004,999,997,229,14.63,12.36,17.21,14.73,22.64,21.58,24.38,
17,100,24,160,340,737,1007,996,991,207,12.73,11.08,17.17,15.31,24.04,21.41,21.08,
25,100,24,149,322,689,1006,991,988,195,10.32,10.51,18.48,15.51,22.86,20.03,21.75,
33,100,24,142,303,637,1009,990,979,185,16.12,12.64,13.29,14.71,28.21,16.26,17.92,
41,100,24,130,284,596,1011,986,967,172,11.37,11.30,15.99,12.11,21.76,15.13,17.30,
49,100,24,113,271,542,1011,983,549,164,11.31,10.89,13.47,10.40,26.09,69.77,17.57,
57,100,24,109,246,490,1010,897,380,154,15.73,9.65,12.41,9.41,41.79,39.47,16.34,
65,100,24,101,230,447,1014,595,307,136,13.65,9.86,14.40,11.08,52.61,15.58,15.22,
73,100,24,101,226,405,1014,473,256,131,13.56,11.19,11.76,8.46,14.84,8.79,13.89,
81,100,24,104,213,367,1008,418,216,121,14.05,8.11,11.90,9.92,15.37,9.26,12.22,
89,100,24,104,213,324,1015,376,191,111,13.43,10.40,10.05,6.17,15.02,7.88,12.57,
97,100,24,113,211,294,1016,335,171,114,12.20,7.23,11.33,5.86,13.32,8.81,12.18,
105,100,24,120,207,249,1016,268,156,109,11.95,7.61,12.67,10.78,12.69,15.31,14.00,
113,100,24,152,212,211,979,222,136,120,16.42,9.27,9.30,21.04,15.54,12.01,14.93,
121,100,24,184,226,180,598,185,126,124,16.98,9.70,13.27,46.93,21.10,17.99,14.78,
1,100,32,265,451,846,998,1006,1007,257,86.13,67.36,24.56,19.32,19.86,20.06,40.75,
9,100,32,206,391,791,1003,993,992,238,13.52,11.59,19.74,16.89,23.01,22.33,25.20,
17,100,32,185,358,740,1003,1002,995,219,9.37,12.19,20.21,16.10,21.45,21.82,24.27,
25,100,32,175,336,693,1003,990,991,208,13.67,10.43,19.55,15.01,23.19,22.83,21.39,
33,100,32,154,312,641,1003,994,983,184,11.71,10.39,17.64,15.76,21.91,18.61,20.11,
41,100,32,143,291,601,1008,984,967,173,11.01,11.23,15.73,14.91,23.76,16.40,20.74,
49,100,32,123,280,553,1013,981,602,171,12.73,11.49,16.28,12.48,26.62,60.58,17.16,
57,100,32,116,264,501,1015,1010,394,158,14.32,11.98,14.87,10.06,16.01,47.04,20.15,
65,100,32,105,253,453,1011,595,310,152,13.20,11.41,13.46,10.21,53.77,15.84,17.51,
73,100,32,112,237,420,1013,478,256,128,14.30,8.12,14.57,10.54,19.70,10.52,15.36,
81,100,32,116,235,375,1009,423,215,122,13.98,10.47,12.43,11.83,17.58,8.26,15.26,
89,100,32,122,232,337,1012,383,198,127,14.61,7.71,10.71,10.63,19.14,10.92,14.02,
97,100,32,133,247,307,1016,345,175,120,13.42,13.03,12.80,10.07,17.45,11.10,12.19,
105,100,32,154,241,270,1014,273,150,115,14.96,8.95,13.46,10.31,15.91,12.70,12.61,
113,100,32,192,259,233,987,233,138,117,15.39,11.30,13.68,25.20,16.77,14.40,13.05,
121,100,32,230,271,209,633,193,133,125,18.55,11.79,14.12,48.19,25.43,16.42,12.93,