1,0,0,187,219,225,235,259,288,193,270.05,272.90,271.17,265.98,259.51,246.38,68.85,
9,0,0,65,81,90,100,123,163,153,10.31,12.90,14.56,16.28,10.80,20.60,19.75,
17,0,0,62,82,84,99,118,152,149,9.63,15.29,12.50,12.54,14.71,17.66,22.97,
25,0,0,65,80,86,98,115,142,141,10.09,13.48,13.27,12.72,10.80,17.14,19.48,
33,0,0,67,82,87,94,111,132,131,9.68,16.92,16.62,14.25,11.09,12.00,19.73,
41,0,0,67,81,86,97,106,123,130,9.78,15.69,15.98,17.05,12.05,10.81,18.35,
49,0,0,66,83,85,93,105,121,125,10.26,18.19,15.08,13.81,12.61,10.95,17.34,
57,0,0,62,80,82,91,105,115,120,10.72,14.83,15.36,13.31,11.61,12.24,15.77,
65,0,0,65,82,86,87,103,112,112,10.23,17.88,19.19,13.42,13.95,12.79,14.93,
73,0,0,63,81,82,89,96,109,111,9.88,15.93,15.48,15.65,13.05,11.79,14.91,
81,0,0,64,81,84,85,95,104,106,9.63,16.60,16.44,13.21,12.93,12.50,14.21,
89,0,0,67,79,80,85,95,100,101,9.30,15.51,14.18,14.07,14.57,12.54,15.28,
97,0,0,68,78,80,83,90,99,100,10.01,15.34,14.96,13.50,13.08,14.18,15.11,
105,0,0,70,83,84,86,88,92,95,9.38,18.05,17.53,14.87,11.00,12.90,16.10,
113,0,0,67,81,82,84,92,93,91,10.07,17.13,16.88,13.95,13.74,13.34,15.77,
121,0,0,64,81,80,81,88,91,82,9.46,15.24,13.89,11.39,14.11,14.05,18.43,
1,0,8,176,204,211,220,253,273,201,255.56,252.41,255.22,244.05,243.48,225.34,62.26,
9,0,8,61,80,87,100,118,164,157,9.20,12.06,11.92,12.54,11.25,20.75,20.82,
17,0,8,62,84,87,96,115,146,151,8.77,15.47,14.98,11.25,13.16,15.41,18.90,
25,0,8,61,83,86,97,109,138,140,8.84,16.08,14.53,15.52,11.13,15.39,18.66,
33,0,8,62,84,84,91,107,129,128,8.93,17.30,15.07,10.97,11.30,12.76,17.43,
41,0,8,64,83,83,90,105,126,126,9.72,18.01,13.47,13.51,12.66,14.33,18.63,
49,0,8,64,80,84,92,103,116,122,10.24,15.45,16.88,14.46,11.67,12.04,15.10,
57,0,8,64,80,80,90,102,117,116,8.91,15.12,13.40,15.44,14.88,14.18,15.18,
65,0,8,64,79,84,88,99,111,106,10.25,16.54,17.03,14.53,12.44,14.34,16.09,
73,0,8,63,82,84,87,99,105,110,9.44,16.84,17.75,12.94,12.48,10.42,14.99,
81,0,8,63,80,79,84,94,102,102,8.75,15.72,13.99,13.70,12.75,12.88,14.91,
89,0,8,65,80,82,87,93,102,106,8.67,16.65,14.75,14.64,11.81,11.50,12.76,
97,0,8,64,82,84,86,94,101,100,8.50,17.67,18.07,14.80,14.46,14.31,14.43,
105,0,8,65,82,83,86,91,98,98,8.61,17.09,14.89,13.52,13.23,13.63,14.66,
113,0,8,65,81,84,84,90,92,93,10.11,18.23,19.05,13.07,12.64,11.08,14.28,
121,0,8,67,82,83,84,90,92,88,9.95,17.14,14.65,12.85,12.57,14.78,14.78,
1,0,16,154,191,197,210,238,273,205,231.96,237.72,234.84,230.11,222.81,208.99,68.26,
9,0,16,62,84,87,97,127,172,160,8.67,14.53,11.08,10.79,13.90,18.60,20.06,
17,0,16,63,87,91,100,118,161,156,9.38,17.25,15.12,11.97,11.23,18.85,19.43,
25,0,16,64,83,88,100,120,149,146,10.20,16.75,15.37,13.34,13.72,13.59,17.64,
33,0,16,62,83,86,95,113,140,133,9.41,17.20,14.96,13.44,11.06,16.15,15.38,
41,0,16,64,82,86,94,107,132,126,9.16,17.39,15.52,13.85,10.80,13.74,14.89,
49,0,16,66,80,84,93,109,127,122,9.88,16.70,14.61,15.48,12.40,12.68,12.35,
57,0,16,64,81,86,90,106,123,115,10.44,18.15,17.63,14.90,15.12,13.10,12.61,
65,0,16,64,81,83,89,101,115,113,10.69,17.85,17.73,16.93,12.87,12.80,12.13,
73,0,16,63,81,83,87,100,113,112,9.75,18.11,16.74,14.06,14.62,12.84,13.13,
81,0,16,64,82,84,86,96,106,107,9.10,17.47,17.40,15.87,12.12,11.96,12.77,
89,0,16,67,81,83,89,93,102,101,10.92,17.49,15.62,15.65,12.73,11.26,13.36,
97,0,16,64,83,84,87,92,102,99,8.77,19.11,17.25,14.13,12.46,14.83,12.25,
105,0,16,65,80,83,84,89,96,99,9.69,16.81,16.36,12.47,12.06,12.06,13.63,
113,0,16,64,82,83,84,91,90,99,9.83,18.85,15.93,12.59,11.28,11.33,14.90,
121,0,16,64,81,84,88,93,92,91,9.36,16.35,15.55,15.45,12.72,12.78,12.00,
1,0,24,145,176,186,196,225,267,201,214.14,218.44,219.15,210.09,208.06,194.15,64.01,
9,0,24,62,86,93,98,125,175,157,8.70,14.80,14.80,10.93,12.62,20.55,20.70,
17,0,24,60,85,86,101,121,160,156,9.49,15.60,14.05,13.50,12.66,17.50,17.79,
25,0,24,61,83,87,95,114,150,143,9.56,16.16,13.69,12.33,10.91,17.62,16.47,
33,0,24,63,84,86,95,114,139,135,9.16,17.77,12.56,13.09,12.66,16.27,16.61,
41,0,24,63,82,87,94,107,131,130,9.36,18.10,16.95,13.63,9.30,12.87,13.19,
49,0,24,61,81,84,93,103,122,114,8.86,16.83,16.95,16.72,13.26,11.60,13.47,
57,0,24,64,81,83,90,105,118,114,9.04,18.21,17.31,15.39,15.34,9.44,12.80,
65,0,24,62,81,83,91,100,117,108,8.93,18.38,16.66,17.68,15.10,11.79,12.57,
73,0,24,60,80,83,88,98,111,104,8.86,18.74,17.72,14.94,12.19,9.08,13.09,
81,0,24,64,78,81,85,96,108,101,9.14,18.09,17.44,13.35,12.56,10.97,10.98,
89,0,24,62,79,81,85,97,107,97,8.96,18.32,17.09,16.39,15.36,15.18,12.25,
97,0,24,63,79,82,84,96,104,94,8.81,18.67,18.38,15.98,14.56,12.77,10.83,
105,0,24,65,81,81,88,92,102,95,10.05,18.44,18.40,16.90,13.26,12.83,11.30,
113,0,24,68,82,83,86,92,96,95,10.30,18.99,16.11,15.05,14.14,13.73,11.63,
121,0,24,66,81,83,85,93,96,93,9.20,17.94,16.90,15.26,15.07,14.66,11.36,
1,0,32,139,164,176,190,216,258,186,192.86,206.32,205.28,198.70,194.85,180.75,47.05,
9,0,32,63,85,87,101,125,176,152,8.39,15.45,10.94,11.12,11.42,19.25,15.94,
17,0,32,62,84,88,101,121,163,155,9.08,15.58,13.86,14.09,12.66,16.43,17.41,
25,0,32,61,82,89,95,115,151,137,9.88,17.37,15.58,14.40,10.26,16.51,15.93,
33,0,32,63,80,88,99,115,142,126,9.10,17.63,17.92,16.22,16.60,11.08,15.62,
41,0,32,62,81,85,95,112,134,121,8.98,17.17,16.49,14.51,12.07,10.74,14.79,
49,0,32,61,81,84,93,111,122,115,9.77,18.94,15.73,14.63,15.54,12.98,13.66,
57,0,32,62,82,84,91,104,121,112,8.68,17.79,16.77,15.28,13.37,10.74,14.18,
65,0,32,61,81,85,87,100,119,105,8.83,17.75,17.08,13.48,13.33,12.98,12.87,
73,0,32,60,82,83,91,102,115,105,9.55,19.00,17.41,16.52,16.28,11.74,10.61,
81,0,32,63,78,82,89,95,110,102,9.59,16.86,15.46,16.20,13.03,11.97,11.38,
89,0,32,62,79,83,87,95,103,100,9.35,17.10,16.72,14.78,11.89,12.21,9.18,
97,0,32,61,80,82,86,92,104,98,8.97,18.67,17.16,16.06,12.55,15.35,9.31,
105,0,32,63,82,83,89,94,95,95,9.01,18.46,17.46,16.76,14.86,11.38,11.39,
113,0,32,65,81,83,86,94,95,95,10.28,19.36,17.22,15.31,14.68,12.84,11.49,
121,0,32,63,83,83,88,92,95,98,9.34,16.53,14.53,13.76,13.20,14.01,12.25,
1,25,0,194,219,226,239,264,292,192,278.03,274.06,272.05,266.27,258.56,245.98,69.13,
9,25,0,62,83,84,96,120,162,149,9.06,15.19,12.11,12.20,12.34,21.34,21.61,
17,25,0,63,85,87,97,121,151,146,9.32,16.31,15.01,14.02,13.47,20.68,18.24,
25,25,0,64,81,87,93,114,144,140,8.69,15.46,13.49,10.93,12.55,17.16,20.86,
33,25,0,62,81,88,98,112,132,134,10.51,16.72,14.39,14.73,15.77,15.97,18.69,
41,25,0,64,83,85,93,104,127,122,11.21,18.34,15.03,14.30,8.86,13.22,17.17,
49,25,0,69,83,84,93,103,119,119,10.72,17.84,16.79,14.55,12.16,12.08,17.37,
57,25,0,66,83,85,89,102,114,118,10.98,17.73,16.68,14.82,13.29,12.37,17.11,
65,25,0,66,84,83,90,101,108,113,10.09,19.56,17.75,14.16,11.73,10.73,15.33,
73,25,0,65,81,82,89,98,109,108,9.77,18.38,15.47,13.40,13.46,12.07,15.09,
81,25,0,65,81,83,88,97,104,105,9.87,17.52,17.09,14.32,13.35,12.08,13.35,
89,25,0,67,81,82,87,93,99,106,10.96,17.86,16.04,14.78,11.16,9.99,13.57,
97,25,0,70,82,83,87,96,99,105,11.41,17.96,17.63,14.68,13.25,11.42,14.23,
105,25,0,65,80,80,86,96,95,102,10.77,16.87,15.44,14.74,14.15,11.08,14.56,
113,25,0,68,81,83,86,94,93,90,10.58,17.10,16.42,13.65,15.82,15.07,16.22,
121,25,0,68,81,83,84,92,94,86,10.40,16.37,15.99,15.97,15.26,14.44,14.21,
1,25,8,171,213,224,223,244,287,203,248.57,247.14,241.68,242.91,236.10,220.40,67.62,
9,25,8,61,89,105,105,127,171,157,10.59,12.26,13.20,12.94,12.98,22.12,22.23,
17,25,8,63,89,106,103,117,164,147,13.00,10.20,15.82,12.49,10.10,20.83,20.07,
25,25,8,65,94,108,97,119,151,142,12.54,13.12,14.08,12.39,13.71,17.71,18.53,
33,25,8,64,98,108,98,113,141,138,12.32,19.58,17.87,14.33,12.12,16.76,15.00,
41,25,8,63,99,111,99,109,134,127,13.51,19.29,20.08,16.41,12.28,15.79,16.04,
49,25,8,65,98,101,97,109,126,124,14.20,17.49,11.92,14.12,13.28,14.51,15.63,
57,25,8,67,99,110,95,106,118,118,15.68,15.24,16.03,14.89,14.74,10.53,15.51,
65,25,8,65,93,106,97,104,116,112,15.55,13.42,12.59,15.36,15.01,11.43,14.16,
73,25,8,66,95,105,97,104,114,110,15.13,15.00,15.96,13.86,14.30,14.32,11.75,
81,25,8,65,99,105,94,101,110,107,13.90,16.77,16.73,16.67,14.67,12.75,12.60,
89,25,8,63,99,98,92,99,107,105,13.34,18.17,15.11,13.76,13.51,11.10,12.38,
97,25,8,64,101,103,92,98,104,99,12.70,20.64,16.29,15.53,15.26,12.16,11.59,
105,25,8,67,96,102,93,98,99,100,12.27,18.95,14.88,17.75,15.45,14.48,12.76,
113,25,8,71,96,96,90,96,97,99,12.41,17.03,15.53,17.49,16.01,12.80,11.71,
121,25,8,67,92,94,90,92,94,89,11.46,14.05,14.91,15.36,13.39,13.62,13.02,
1,25,16,158,220,254,224,240,271,208,226.36,210.55,198.93,209.93,205.28,195.20,63.02,
9,25,16,61,123,153,126,140,182,165,18.23,14.09,14.89,13.72,17.95,21.15,22.02,
17,25,16,62,129,154,125,142,167,163,18.73,14.36,16.20,14.55,15.22,21.89,24.16,
25,25,16,63,134,154,124,136,158,153,18.79,14.66,14.21,13.03,13.82,16.54,19.21,
33,25,16,65,127,163,123,135,147,141,19.15,10.34,11.84,13.22,14.71,15.64,17.17,
41,25,16,67,132,163,125,131,135,131,19.28,10.54,13.01,11.58,12.99,14.50,17.07,
49,25,16,65,129,158,128,127,130,127,19.75,10.82,12.62,12.41,13.33,15.69,18.80,
57,25,16,66,129,160,122,129,122,129,19.85,12.91,11.87,11.09,12.71,11.44,17.65,
65,25,16,65,129,152,118,123,122,121,20.25,13.66,12.03,12.81,12.42,13.43,13.62,
73,25,16,64,130,153,118,118,114,116,20.31,14.40,12.63,11.15,12.28,12.46,12.33,
81,25,16,63,129,152,120,119,112,111,20.79,14.24,12.29,11.86,12.43,15.06,11.51,
89,25,16,64,128,156,117,114,110,108,21.04,11.23,11.69,11.94,10.54,12.78,11.77,
97,25,16,65,127,149,114,116,104,101,21.31,9.36,12.17,12.52,11.27,12.00,11.27,
105,25,16,65,123,152,115,113,104,99,21.13,9.84,13.65,14.00,13.77,12.48,11.52,
113,25,16,68,129,151,112,105,99,101,22.62,14.00,14.87,12.61,11.20,12.05,11.94,
121,25,16,62,125,120,104,106,99,95,21.92,17.03,16.69,11.81,11.34,13.70,10.24,
1,25,24,154,238,297,244,252,270,209,195.13,187.96,171.42,188.10,185.99,177.80,67.46,
9,25,24,71,155,200,149,150,187,172,15.94,16.17,15.24,14.34,16.12,23.25,18.79,
17,25,24,76,162,211,142,157,177,159,17.57,17.75,15.37,14.16,16.45,20.41,20.05,
25,25,24,75,147,207,148,151,162,149,18.04,10.99,12.64,12.13,13.41,18.53,20.52,
33,25,24,75,161,202,142,143,150,147,17.79,13.28,14.02,11.99,11.87,16.33,19.03,
41,25,24,75,160,210,148,141,144,139,17.05,13.97,10.64,10.84,11.14,15.33,17.81,
49,25,24,75,159,206,148,150,140,133,17.55,10.28,11.61,11.00,13.62,17.04,17.76,
57,25,24,81,156,203,150,137,133,123,19.60,12.42,11.79,9.48,9.79,13.24,16.06,
65,25,24,76,148,204,148,145,128,123,19.13,8.99,11.90,9.21,12.06,12.46,14.99,
73,25,24,76,159,203,145,139,122,120,19.52,12.23,11.82,10.54,10.26,13.69,13.44,
81,25,24,76,161,192,142,131,122,113,18.61,12.07,14.50,9.50,10.94,13.72,14.19,
89,25,24,73,160,187,140,130,118,108,19.25,12.01,17.28,10.20,10.88,12.44,14.22,
97,25,24,75,155,189,142,123,113,109,18.54,10.49,14.56,8.63,8.81,10.84,14.21,
105,25,24,74,146,189,152,128,111,105,19.01,10.83,12.83,14.63,12.04,10.42,13.08,
113,25,24,78,157,188,142,123,112,98,21.68,12.80,13.14,10.14,9.37,12.59,13.68,
121,25,24,76,144,176,128,124,112,96,20.85,11.29,15.89,11.87,11.15,13.58,13.49,
1,25,32,158,260,336,264,261,270,205,176.57,166.68,144.47,165.15,165.47,163.83,63.02,
9,25,32,89,180,255,176,171,191,178,16.56,12.76,12.88,13.78,16.70,19.56,22.27,
17,25,32,90,188,266,174,165,172,165,16.25,14.70,12.84,13.27,15.48,18.30,20.87,
25,25,32,90,184,258,171,164,164,165,15.08,12.61,13.07,12.76,14.23,15.80,22.63,
33,25,32,90,180,259,191,158,157,149,15.68,10.68,10.31,16.14,13.83,15.03,18.33,
41,25,32,87,178,266,182,161,150,138,15.58,10.38,11.24,11.07,11.77,14.21,16.93,
49,25,32,87,182,253,172,163,143,134,16.09,10.06,12.50,10.49,10.63,13.73,19.42,
57,25,32,89,191,255,169,156,135,128,16.61,10.21,10.67,11.75,10.35,13.18,14.53,
65,25,32,93,191,254,168,157,136,126,17.02,13.16,9.50,8.52,10.62,13.52,13.94,
73,25,32,92,183,254,167,151,135,120,18.48,10.48,10.19,8.96,10.05,11.94,15.15,
81,25,32,93,183,247,170,152,134,117,19.36,9.30,13.56,8.85,9.37,12.07,14.42,
89,25,32,92,197,264,173,151,121,113,18.71,15.81,16.16,9.63,9.25,9.99,13.83,
97,25,32,90,178,251,170,153,130,116,17.93,11.21,10.14,9.75,10.56,11.25,15.46,
105,25,32,92,191,235,159,145,124,107,19.33,12.74,15.17,11.49,10.47,10.73,15.66,
113,25,32,92,186,238,158,138,121,107,19.40,12.72,13.52,11.39,10.01,11.46,13.02,
121,25,32,89,168,227,152,135,126,101,20.89,14.42,14.55,10.91,9.10,12.50,12.89,
1,50,0,194,219,226,240,262,290,195,275.39,274.28,271.32,265.96,258.94,245.12,67.12,
9,50,0,65,85,92,99,124,163,153,10.92,15.26,18.27,12.30,12.33,18.64,19.89,
17,50,0,62,82,88,99,123,152,148,10.18,15.56,15.39,11.75,11.00,18.08,20.75,
25,50,0,64,84,87,100,118,145,144,11.40,18.15,16.77,15.54,13.41,19.57,17.30,
33,50,0,67,82,86,93,113,137,136,9.82,17.13,16.41,11.80,12.33,17.73,18.07,
41,50,0,64,83,86,96,112,133,125,10.64,16.83,16.20,15.56,14.04,15.38,18.62,
49,50,0,61,82,87,92,106,122,120,10.69,15.40,16.42,12.03,13.21,12.64,16.08,
57,50,0,63,81,84,94,104,118,122,10.55,16.59,16.14,15.75,12.50,10.92,15.60,
65,50,0,60,82,85,93,107,113,117,10.81,17.05,17.06,15.18,15.34,11.80,14.60,
73,50,0,64,82,84,90,100,109,108,10.72,17.68,16.72,14.28,14.19,11.82,12.66,
81,50,0,64,83,84,88,97,107,107,11.27,18.28,17.93,14.57,14.40,14.55,13.64,
89,50,0,66,82,82,87,96,103,105,10.51,17.13,17.11,15.89,13.90,12.80,12.67,
97,50,0,67,83,81,87,95,99,105,10.57,16.80,15.30,16.94,13.95,13.06,14.51,
105,50,0,67,83,84,89,96,98,99,11.08,18.16,17.52,16.65,16.07,14.70,12.26,
113,50,0,67,82,84,87,94,95,98,11.25,18.94,17.63,16.34,15.64,13.05,11.60,
121,50,0,69,82,81,84,92,93,86,11.88,17.03,15.82,14.21,14.54,14.32,14.49,
1,50,8,175,223,214,224,245,283,201,249.81,242.56,246.50,242.91,236.16,220.59,63.05,
9,50,8,62,103,94,103,129,177,158,15.14,13.44,15.17,13.67,13.56,23.98,21.79,
17,50,8,63,105,97,106,122,164,153,13.77,11.68,15.05,13.81,14.24,18.74,21.37,
25,50,8,61,109,96,100,118,152,143,21.38,17.46,15.64,10.87,12.90,17.50,16.76,
33,50,8,63,107,95,100,113,142,137,16.34,13.49,13.40,12.49,10.73,14.35,17.32,
41,50,8,66,101,93,98,111,132,129,15.48,10.74,15.12,14.58,12.80,13.38,16.33,
49,50,8,63,104,92,99,109,125,126,15.08,13.39,16.98,16.21,13.38,14.19,14.54,
57,50,8,62,108,91,95,107,122,120,18.49,18.67,15.31,14.03,15.90,13.39,15.06,
65,50,8,64,108,88,95,104,117,117,19.13,15.25,14.13,14.69,13.03,13.49,12.72,
73,50,8,62,100,89,94,101,112,111,14.63,12.56,14.40,13.97,12.98,12.20,13.63,
81,50,8,63,104,93,94,99,113,107,17.20,16.14,16.86,16.76,13.01,14.95,11.60,
89,50,8,64,105,93,92,99,105,107,19.74,16.41,15.86,12.83,12.16,12.02,12.86,
97,50,8,67,101,89,91,94,104,104,16.43,12.95,16.68,15.01,13.20,13.22,11.83,
105,50,8,66,99,89,93,90,98,101,16.38,13.57,15.85,13.44,12.15,13.64,13.13,
113,50,8,67,102,87,89,92,95,99,17.84,19.65,16.63,13.57,12.38,12.39,13.30,
121,50,8,62,102,89,89,94,93,90,18.48,17.72,14.25,12.78,14.35,15.52,12.96,
1,50,16,168,245,219,226,241,275,207,223.26,204.60,212.07,209.46,206.07,195.31,57.31,
9,50,16,72,150,114,124,133,179,175,19.19,16.72,12.01,12.53,15.20,21.26,23.80,
17,50,16,76,144,116,123,130,170,158,19.66,13.20,12.56,11.94,16.30,18.00,21.91,
25,50,16,76,153,120,123,135,158,150,18.12,14.13,13.16,12.37,12.44,17.82,20.77,
33,50,16,82,165,122,128,129,148,145,19.92,19.05,11.95,14.46,13.69,16.75,18.11,
41,50,16,83,163,124,126,125,143,134,18.32,13.69,11.93,12.12,10.69,16.17,17.58,
49,50,16,85,153,130,126,120,132,127,20.15,14.52,16.86,11.63,12.21,14.84,16.46,
57,50,16,87,164,118,129,124,129,120,19.70,14.33,11.86,13.69,13.15,14.76,15.61,
65,50,16,86,167,124,122,120,118,121,18.22,15.83,11.36,11.87,12.67,12.28,12.16,
73,50,16,89,152,117,120,122,119,117,20.36,15.34,9.81,10.99,16.35,12.24,13.08,
81,50,16,88,173,122,122,116,116,109,19.40,19.57,12.04,14.26,12.09,14.22,13.21,
89,50,16,90,161,119,116,116,108,107,19.31,12.57,13.49,11.23,12.36,11.20,11.82,
97,50,16,83,157,120,114,111,106,107,19.13,11.49,12.72,12.40,12.21,12.45,11.72,
105,50,16,88,167,122,114,108,104,102,20.38,20.11,15.35,12.86,10.89,12.50,12.29,
113,50,16,79,165,113,111,104,101,100,19.24,19.38,13.36,12.39,10.53,12.79,10.71,
121,50,16,78,149,110,102,106,99,94,21.23,19.98,14.06,9.79,13.69,12.16,12.45,
1,50,24,179,286,241,246,248,274,204,190.89,173.12,187.46,188.20,186.37,177.96,67.85,
9,50,24,97,193,140,153,157,193,173,17.83,14.83,12.62,11.27,18.74,22.87,22.63,
17,50,24,100,209,146,151,150,178,163,16.92,12.84,11.62,12.83,15.56,19.12,20.73,
25,50,24,109,216,144,160,149,168,151,18.50,12.91,10.73,13.48,12.78,21.17,20.71,
33,50,24,108,214,146,158,148,156,149,16.19,9.75,9.70,9.90,14.00,18.76,19.56,
41,50,24,110,215,151,159,148,147,139,16.64,12.75,9.40,13.47,13.33,16.37,16.75,
49,50,24,111,214,147,152,139,137,131,17.10,13.46,10.26,9.28,11.43,16.13,19.62,
57,50,24,113,212,142,149,146,129,126,15.78,12.23,9.16,10.70,12.06,14.94,17.53,
65,50,24,115,214,151,144,139,129,120,16.21,12.15,9.27,10.00,11.21,13.72,15.86,
73,50,24,115,211,149,149,132,120,115,17.42,13.70,7.99,11.67,10.50,12.08,14.00,
81,50,24,117,209,148,146,135,125,119,17.91,14.64,9.96,9.42,11.73,15.26,14.66,
89,50,24,116,206,152,151,134,122,107,16.58,15.53,8.79,14.10,10.70,13.88,12.59,
97,50,24,122,211,151,141,130,114,107,19.84,12.40,10.22,11.86,10.65,11.53,13.54,
105,50,24,118,205,149,143,127,113,102,17.42,15.37,11.37,11.65,11.18,12.14,10.87,
113,50,24,118,203,142,135,124,112,104,20.61,16.78,10.74,10.70,11.65,12.57,14.17,
121,50,24,111,209,138,125,117,111,96,20.09,21.17,11.57,10.40,9.56,11.66,13.49,
1,50,32,191,323,261,263,260,273,207,169.95,148.64,163.39,164.97,165.87,164.03,69.75,
9,50,32,121,245,170,188,170,189,171,16.47,14.78,13.46,12.11,17.37,21.13,21.41,
17,50,32,126,262,177,179,175,178,166,16.38,11.88,12.10,12.21,13.51,19.65,19.08,
25,50,32,135,264,175,182,168,168,155,14.74,9.91,9.44,12.15,13.14,17.16,20.44,
33,50,32,135,265,173,184,159,158,153,17.64,10.58,10.93,8.94,15.34,16.75,18.90,
41,50,32,144,269,171,187,160,150,151,17.66,11.00,10.28,10.41,13.57,14.57,22.15,
49,50,32,144,269,174,189,156,142,135,17.50,11.68,9.88,11.28,13.33,13.53,16.05,
57,50,32,140,280,186,185,160,142,131,16.77,17.79,10.13,13.01,11.00,12.31,17.99,
65,50,32,145,278,177,176,158,143,129,18.01,15.52,9.00,9.67,11.23,13.77,14.34,
73,50,32,145,277,173,177,155,136,126,16.69,16.16,10.02,10.24,9.85,11.56,15.27,
81,50,32,146,261,169,171,158,133,116,14.75,12.26,8.97,8.77,14.23,11.36,14.95,
89,50,32,144,261,172,169,143,127,113,15.97,15.59,8.34,9.82,10.98,11.71,16.98,
97,50,32,148,263,169,163,144,125,109,15.08,16.80,10.74,9.65,10.42,10.75,14.98,
105,50,32,147,259,175,163,147,126,108,18.89,19.53,8.26,10.37,12.65,11.70,13.61,
113,50,32,153,264,170,163,139,123,106,19.51,15.56,10.52,10.41,11.46,11.70,14.61,
121,50,32,148,257,174,155,137,122,99,18.63,19.40,10.35,10.44,11.71,11.99,11.55,
1,75,0,192,218,226,238,263,295,199,273.56,273.02,271.21,266.80,258.42,245.10,65.74,
9,75,0,63,82,87,97,121,169,154,8.72,15.30,13.42,12.43,11.86,21.39,23.76,
17,75,0,64,82,87,98,119,152,147,10.22,16.13,12.00,11.16,12.27,18.43,18.28,
25,75,0,67,83,87,101,119,145,141,9.25,16.51,16.39,13.96,14.80,16.25,19.45,
33,75,0,66,80,85,92,111,131,138,10.14,15.88,14.22,11.03,10.12,13.58,16.96,
41,75,0,67,82,86,95,107,128,127,10.03,17.23,17.14,15.16,12.43,12.57,16.73,
49,75,0,69,81,81,93,107,121,119,11.09,16.87,13.74,13.92,13.54,11.17,16.16,
57,75,0,63,84,86,92,102,117,118,11.06,18.01,17.45,14.25,12.73,10.68,13.79,
65,75,0,66,82,86,88,102,113,118,11.18,16.19,16.31,14.65,12.67,11.03,14.65,
73,75,0,68,84,83,90,99,110,113,10.19,16.70,17.02,16.11,14.44,12.91,13.45,
81,75,0,70,84,83,88,100,106,108,10.90,18.34,16.18,16.82,14.71,12.72,13.38,
89,75,0,62,83,83,88,95,106,107,10.41,18.36,17.47,14.58,12.50,12.70,14.44,
97,75,0,65,82,84,86,94,99,103,11.05,17.64,18.11,14.57,11.83,11.45,13.04,
105,75,0,66,84,84,86,92,99,101,10.46,18.51,17.26,15.90,12.65,13.42,12.78,
113,75,0,69,82,83,86,92,93,99,11.53,17.68,17.96,14.05,12.52,12.26,13.14,
121,75,0,71,80,82,81,89,90,88,11.44,17.53,16.13,13.26,13.74,13.91,15.18,
1,75,8,173,225,222,226,245,284,210,250.12,242.57,243.08,242.75,235.13,219.88,63.12,
9,75,8,64,106,101,104,124,171,158,19.97,12.73,12.68,14.17,13.36,19.65,23.26,
17,75,8,63,109,99,104,127,162,159,19.62,12.90,11.50,13.09,14.72,19.33,19.20,
25,75,8,58,109,105,101,112,150,150,19.29,18.12,17.12,12.71,13.24,18.03,19.04,
33,75,8,64,101,98,98,114,137,141,19.11,9.89,14.22,12.02,11.66,17.15,17.12,
41,75,8,65,105,95,99,105,133,133,19.31,11.82,9.99,13.17,11.12,13.92,14.41,
49,75,8,58,110,100,96,107,123,125,18.66,17.39,15.07,14.59,11.76,12.65,13.98,
57,75,8,63,103,97,95,104,118,121,19.44,12.02,11.83,13.22,12.08,12.91,16.82,
65,75,8,60,109,96,96,104,119,111,19.60,17.96,12.75,15.03,14.30,13.45,15.76,
73,75,8,67,108,100,93,99,110,109,21.09,13.15,16.93,13.01,12.14,11.91,15.30,
81,75,8,59,110,94,92,97,103,108,17.82,18.07,13.06,13.25,12.82,10.35,13.51,
89,75,8,61,97,93,91,98,104,100,18.35,9.28,11.78,12.73,12.86,11.55,13.74,
97,75,8,59,109,94,90,93,103,105,19.64,17.08,15.02,12.71,8.82,15.39,12.16,
105,75,8,66,96,95,89,96,98,100,19.40,11.71,16.00,13.36,13.81,13.99,13.16,
113,75,8,62,109,93,93,95,95,96,19.98,19.87,14.34,15.83,13.50,14.38,12.07,
121,75,8,63,95,92,86,90,92,96,18.31,10.75,13.86,11.40,12.27,13.16,13.89,
1,75,16,176,246,232,223,238,271,215,223.28,211.71,214.02,211.22,207.73,195.73,58.23,
9,75,16,80,145,138,125,135,177,170,21.71,12.48,13.76,11.55,15.22,21.00,20.66,
17,75,16,79,146,131,123,133,167,161,21.25,12.77,10.93,12.92,13.46,21.10,21.86,
25,75,16,85,147,128,122,127,150,151,19.52,12.41,10.02,12.79,12.77,17.94,18.51,
33,75,16,83,156,130,118,128,147,148,18.97,15.62,10.35,11.33,13.20,15.65,18.11,
41,75,16,84,157,131,120,125,135,138,18.26,17.40,11.56,11.62,14.54,14.51,17.65,
49,75,16,82,155,131,120,117,132,133,18.69,16.75,11.82,12.94,11.30,15.04,16.43,
57,75,16,82,151,125,113,114,120,123,18.32,16.55,9.83,10.94,11.33,12.01,16.97,
65,75,16,83,152,127,114,115,120,120,19.70,15.82,13.08,11.77,12.98,14.14,13.82,
73,75,16,84,150,123,110,114,115,112,19.96,13.81,11.45,12.54,12.38,12.82,15.27,
81,75,16,85,150,121,114,110,106,107,20.36,12.39,9.80,13.13,12.82,12.06,13.83,
89,75,16,89,143,125,110,107,109,109,20.62,10.88,11.92,13.05,11.60,12.30,11.12,
97,75,16,93,143,120,108,107,104,104,22.17,10.32,10.65,12.68,11.57,10.95,13.27,
105,75,16,90,152,119,111,106,104,102,22.05,15.15,10.96,12.19,13.22,11.67,12.42,
113,75,16,90,154,124,105,104,99,98,21.59,15.38,14.64,10.44,13.17,12.94,12.51,
121,75,16,86,147,107,109,101,101,93,20.98,13.47,11.79,13.50,11.62,12.86,12.98,
1,75,24,179,266,251,239,248,279,217,193.91,180.01,184.27,190.59,200.68,189.76,62.63,
9,75,24,100,177,166,148,147,186,177,21.81,12.06,11.73,14.49,14.12,20.40,20.19,
17,75,24,101,183,165,146,144,178,168,20.44,14.51,11.47,15.45,12.80,20.83,23.13,
25,75,24,107,185,169,141,140,162,158,20.09,14.84,10.81,11.79,13.86,19.15,21.79,
33,75,24,108,193,172,142,139,152,153,21.36,16.80,13.57,13.39,13.82,16.20,18.69,
41,75,24,114,201,164,146,140,144,142,18.87,15.83,10.90,12.53,10.57,13.83,20.52,
49,75,24,122,200,169,151,136,143,133,21.05,15.74,10.70,14.87,12.11,16.72,18.73,
57,75,24,121,200,165,139,135,135,127,19.21,16.18,9.43,9.88,13.08,17.78,17.85,
65,75,24,132,202,164,141,131,128,116,21.51,17.24,10.05,10.01,13.44,12.35,15.78,
73,75,24,130,212,164,136,124,121,117,17.70,12.55,10.33,8.35,10.91,13.37,15.08,
81,75,24,132,206,164,144,128,122,116,20.11,18.31,10.90,11.49,11.76,13.19,15.15,
89,75,24,136,210,171,141,122,111,107,20.67,15.68,12.85,8.79,10.41,11.81,13.53,
97,75,24,139,207,157,137,127,113,106,20.05,19.40,12.67,10.93,12.73,13.51,11.96,
105,75,24,138,214,164,135,122,112,100,20.39,17.94,12.50,12.17,11.87,11.48,13.43,
113,75,24,131,207,165,129,119,111,101,20.38,20.58,15.91,12.06,13.85,14.08,11.14,
121,75,24,131,203,147,123,112,110,100,20.43,21.48,14.82,10.64,11.33,11.49,11.38,
1,75,32,201,316,283,261,257,271,206,167.90,150.74,159.46,164.57,178.02,173.30,64.56,
9,75,32,137,243,215,187,168,188,173,24.05,12.97,12.00,15.43,16.57,18.93,19.65,
17,75,32,142,259,225,185,165,182,165,23.79,11.62,14.69,10.82,15.12,19.60,20.62,
25,75,32,154,264,223,178,165,169,153,24.25,10.75,9.97,11.54,14.87,17.97,19.09,
33,75,32,155,263,229,180,161,161,146,21.64,10.94,12.54,8.88,11.63,17.85,17.57,
41,75,32,159,268,224,178,160,149,142,17.81,10.42,12.36,9.60,12.92,15.16,18.45,
49,75,32,158,268,220,177,158,146,138,21.64,11.11,11.02,8.63,13.46,12.75,15.32,
57,75,32,168,276,213,168,155,140,131,17.63,16.49,8.52,11.95,11.15,14.15,14.94,
65,75,32,177,276,222,177,150,138,126,20.53,13.43,15.42,10.94,12.26,13.49,17.67,
73,75,32,178,270,211,170,149,136,119,18.08,12.50,10.30,9.81,12.43,13.05,13.55,
81,75,32,175,287,216,170,148,129,117,19.77,15.29,9.88,9.08,11.17,13.83,14.74,
89,75,32,179,284,209,165,140,128,110,18.17,16.63,11.29,9.64,11.25,12.73,13.88,
97,75,32,182,268,208,157,141,126,114,18.48,14.97,12.18,8.42,11.57,12.43,12.51,
105,75,32,180,270,210,165,145,119,106,18.29,15.84,13.98,9.76,11.18,10.49,13.61,
113,75,32,189,278,196,160,139,124,105,20.30,15.47,12.69,9.41,11.71,10.15,12.62,
121,75,32,177,272,190,149,131,122,104,22.32,18.92,13.31,10.55,9.49,12.33,13.77,
1,100,0,194,220,227,241,265,293,196,273.89,274.68,270.85,266.27,257.13,244.88,67.19,
9,100,0,64,83,86,95,122,168,152,9.12,14.16,14.57,11.76,12.10,23.60,23.29,
17,100,0,66,84,84,99,119,156,142,9.67,16.94,14.53,13.81,12.68,16.59,21.53,
25,100,0,65,83,85,95,120,145,142,9.58,14.12,13.73,11.54,12.49,16.62,20.54,
33,100,0,63,80,86,96,115,134,134,10.06,15.58,14.63,14.98,13.08,13.80,18.46,
41,100,0,66,83,88,92,109,125,130,9.96,17.77,17.08,13.75,13.62,13.04,17.40,
49,100,0,67,82,86,92,106,123,123,10.38,17.37,16.33,13.42,11.64,11.40,16.82,
57,100,0,66,84,84,91,103,119,122,10.81,17.90,16.72,15.10,11.86,13.40,15.68,
65,100,0,64,84,86,89,105,112,116,10.35,17.17,16.12,16.60,16.56,12.99,14.34,
73,100,0,64,81,84,89,98,107,111,10.49,17.75,16.42,15.08,12.59,12.03,14.99,
81,100,0,69,82,85,91,98,106,109,11.10,17.13,18.17,16.63,13.97,11.78,13.19,
89,100,0,64,82,84,86,94,104,106,10.27,17.79,17.17,15.56,13.59,13.89,12.89,
97,100,0,68,81,84,86,93,99,103,11.36,18.40,16.85,13.31,13.66,13.21,13.38,
105,100,0,65,81,81,86,95,96,100,9.91,16.90,15.84,11.99,13.39,12.92,14.13,
113,100,0,72,82,82,86,93,96,101,11.16,18.15,17.28,15.10,14.57,15.90,14.58,
121,100,0,64,85,83,82,87,91,84,10.23,17.36,15.34,11.39,13.19,13.61,16.32,
1,100,8,183,219,214,225,243,284,213,252.44,244.45,246.87,244.51,235.78,221.31,66.28,
9,100,8,62,103,94,100,126,174,171,18.87,15.02,12.48,12.53,14.65,22.49,19.85,
17,100,8,66,97,93,104,120,157,160,20.22,13.91,12.89,12.97,13.65,21.62,20.34,
25,100,8,66,100,94,100,120,149,146,21.66,14.32,15.58,14.04,15.02,17.31,17.77,
33,100,8,60,103,96,97,113,139,139,18.53,16.95,14.79,11.93,12.72,16.31,19.03,
41,100,8,65,98,94,94,109,134,131,20.91,14.33,14.45,11.27,13.45,14.72,17.17,
49,100,8,67,100,92,95,109,132,121,20.53,13.95,15.90,14.12,14.62,15.03,16.85,
57,100,8,61,103,91,93,102,119,120,20.08,17.68,15.75,14.62,11.34,13.42,16.17,
65,100,8,68,93,91,90,106,112,117,20.68,11.32,13.97,11.98,15.55,13.86,12.95,
73,100,8,61,103,90,91,99,108,110,20.60,17.73,13.55,15.09,12.35,12.53,13.65,
81,100,8,64,98,92,94,100,107,106,20.84,13.38,16.05,17.13,16.00,14.97,14.31,
89,100,8,66,99,91,93,97,106,106,20.25,11.48,19.34,15.08,12.04,13.12,13.23,
97,100,8,64,101,91,92,92,103,102,20.34,17.42,15.62,14.78,11.83,13.60,12.87,
105,100,8,67,96,87,88,94,100,100,20.82,12.61,15.55,13.07,12.89,13.62,12.23,
113,100,8,64,103,91,90,93,96,94,19.97,19.53,16.66,14.00,13.71,13.38,13.94,
121,100,8,63,92,88,89,94,96,87,19.85,12.40,15.22,12.95,12.89,16.12,14.93,
1,100,16,179,234,217,226,240,270,213,219.93,216.62,219.81,209.77,206.85,196.82,56.20,
9,100,16,81,133,113,126,137,175,179,21.37,13.23,12.49,12.50,16.79,19.85,21.85,
17,100,16,84,132,113,121,135,172,159,22.96,9.95,11.52,13.78,14.36,21.19,20.18,
25,100,16,86,139,112,122,129,153,158,21.48,16.44,10.42,13.58,14.63,16.96,17.47,
33,100,16,90,133,115,120,126,141,147,22.56,11.66,13.36,11.40,13.11,14.46,17.15,
41,100,16,90,130,112,116,128,142,140,22.67,9.66,10.45,10.38,14.10,19.01,19.06,
49,100,16,90,141,115,118,121,129,132,20.78,15.29,11.75,13.46,13.60,13.78,16.89,
57,100,16,96,136,113,119,121,124,125,23.15,11.62,10.60,11.99,12.90,12.76,14.40,
65,100,16,94,142,114,118,119,116,124,21.26,15.75,9.88,12.70,12.39,12.24,13.92,
73,100,16,95,134,111,114,113,115,119,21.98,9.91,10.36,12.35,11.97,11.59,15.28,
81,100,16,96,147,116,110,116,115,111,21.04,18.52,13.99,12.01,14.27,14.34,12.23,
89,100,16,103,132,111,113,113,110,108,23.12,10.12,14.62,12.95,14.95,14.88,12.40,
97,100,16,95,143,113,110,107,109,103,21.15,15.32,17.51,12.22,11.44,14.38,12.12,
105,100,16,101,136,105,110,104,105,105,23.63,11.85,11.28,12.39,11.83,12.67,10.30,
113,100,16,102,136,111,111,105,100,99,23.17,11.28,13.82,15.95,13.13,11.88,10.74,
121,100,16,94,125,112,106,101,100,99,21.42,12.48,16.11,13.64,11.46,13.70,13.02,
1,100,24,189,252,234,238,244,276,206,198.02,184.62,190.28,190.09,186.39,177.51,66.15,
9,100,24,108,171,136,151,151,185,172,22.84,11.50,13.27,13.57,16.48,22.25,24.84,
17,100,24,114,167,140,149,152,176,167,22.73,12.12,12.01,12.28,14.92,20.42,22.78,
25,100,24,120,178,161,152,146,167,154,21.81,10.19,15.57,11.31,15.75,18.33,20.01,
33,100,24,123,176,158,151,141,152,145,21.31,11.17,15.15,11.40,12.21,17.69,17.66,
41,100,24,124,185,147,146,143,145,138,21.44,11.84,8.79,11.01,14.15,15.75,18.96,
49,100,24,124,191,152,149,141,147,131,20.58,16.88,11.10,10.46,13.69,14.43,18.12,
57,100,24,132,195,146,149,135,136,128,20.45,16.08,10.12,10.93,14.14,14.16,15.95,
65,100,24,131,197,150,142,136,126,119,18.73,15.72,11.91,10.84,11.15,14.30,14.95,
73,100,24,136,196,150,142,131,123,116,19.11,16.88,9.69,10.19,12.41,12.18,16.68,
81,100,24,143,197,145,142,132,125,114,20.57,16.28,10.01,11.33,12.14,11.83,15.86,
89,100,24,147,195,141,139,127,120,107,20.77,16.23,8.86,11.96,11.53,11.97,14.20,
97,100,24,149,177,145,137,124,116,107,21.15,13.97,10.63,10.88,11.56,13.05,13.30,
105,100,24,151,179,135,132,123,115,105,20.95,15.84,10.03,12.86,12.70,13.71,12.06,
113,100,24,149,186,132,132,119,111,102,22.14,17.39,11.65,11.92,12.80,13.45,11.95,
121,100,24,139,177,128,123,119,110,97,23.00,18.42,10.78,11.32,12.33,12.32,12.83,
1,100,32,211,291,255,267,258,268,208,170.42,158.81,167.82,165.69,178.24,169.02,64.62,
9,100,32,143,212,168,179,179,192,173,22.29,10.58,14.25,13.72,18.18,21.55,22.67,
17,100,32,154,224,174,179,164,186,166,22.51,8.75,11.21,12.62,15.25,24.89,19.51,
25,100,32,160,232,169,183,163,175,160,22.34,11.82,11.04,11.45,13.05,17.81,21.36,
33,100,32,161,227,174,182,160,164,152,21.23,7.54,10.05,12.89,13.19,18.74,25.47,
41,100,32,168,234,179,180,156,155,146,21.97,8.55,10.02,9.61,12.36,15.74,20.26,
49,100,32,172,230,179,183,158,143,136,20.72,8.26,10.59,13.37,12.93,15.97,17.08,
57,100,32,176,244,180,179,158,140,131,20.60,12.08,9.75,10.88,12.19,13.12,18.03,
65,100,32,183,238,178,184,158,143,125,22.56,8.78,12.14,13.51,13.19,15.13,15.31,
73,100,32,184,234,182,174,152,141,122,21.20,8.52,15.03,10.78,13.94,14.13,17.58,
81,100,32,189,242,174,168,150,131,118,20.74,12.96,9.88,9.50,12.70,13.52,16.44,
89,100,32,193,238,166,165,149,130,114,20.59,11.60,8.18,11.62,13.24,12.48,14.99,
97,100,32,198,235,175,164,147,131,113,19.74,10.04,14.64,10.17,12.08,13.26,14.11,
105,100,32,199,226,165,164,145,126,109,21.25,10.71,9.28,11.40,10.59,12.28,16.78,
113,100,32,201,233,168,162,137,113,105,23.34,14.18,15.00,15.76,12.30,10.06,12.67,
121,100,32,189,223,159,147,135,120,98,21.33,15.10,10.91,9.43,10.51,10.59,14.18,